{
  "conf": {
    "clearColor": [
      1.0,
      0.9390283823013306,
      0.6975806355476379,
      1.0
    ],
    "doClearColor": false,
    "doClearDepth": false,
    "fbFormat": 1,
    "fbHeight": 240,
    "fbWidth": 320,
    "filter": 1,
    "frameLimit": 0,
    "layers2D": [
      {
        "blender": 0,
        "depthCompare": false,
        "depthWrite": false,
        "fog": false,
        "fogColor": [
          0.0,
          0.0,
          0.0,
          0.0
        ],
        "fogColorMode": 0,
        "fogMax": 0.0,
        "fogMin": 0.0,
        "name": "2D"
      }
    ],
    "layers3D": [
      {
        "blender": 0,
        "depthCompare": true,
        "depthWrite": true,
        "fog": true,
        "fogColor": [
          0.0,
          0.0,
          0.0,
          0.0
        ],
        "fogColorMode": 1,
        "fogMax": 900.0,
        "fogMin": 300.0,
        "name": "3D Opaque"
      },
      {
        "blender": 5242944,
        "depthCompare": true,
        "depthWrite": false,
        "fog": false,
        "fogColor": [
          0.0,
          0.0,
          0.0,
          0.0
        ],
        "fogColorMode": 0,
        "fogMax": 0.0,
        "fogMin": 0.0,
        "name": "3D Transp."
      }
    ],
    "layersPtx": [
      {
        "blender": 0,
        "depthCompare": true,
        "depthWrite": true,
        "fog": false,
        "fogColor": [
          0.0,
          0.0,
          0.0,
          0.0
        ],
        "fogColorMode": 0,
        "fogMax": 0.0,
        "fogMin": 0.0,
        "name": "PTX Opaque"
      }
    ],
    "name": "Map-Intro",
    "renderPipeline": 0
  },
  "graph": {
    "children": [
      {
        "children": [],
        "components": [],
        "enabled": true,
        "id": 1,
        "name": "Title-Card",
        "pos": [
          -233.67893981933594,
          214.938720703125,
          -97.22168731689453
        ],
        "propOverrides": {
          "11272843812465326562": "1:1.000000,1.000000,1.000000",
          "13911321452997764027": "1:572.653503,214.938232,1134.519409",
          "17807472640229936847": "9:A Broken World",
          "9467563534403475754": "0:0.000000,0.000000,0.000000,1.000000"
        },
        "rot": [
          0.0,
          0.0,
          0.0,
          1.0
        ],
        "scale": [
          1.0,
          1.0,
          1.0
        ],
        "selectable": true,
        "uuid": 3138327617,
        "uuidPrefab": 2150773366
      },
      {
        "children": [],
        "components": [
          {
            "data": {
              "culling": false,
              "layerIdx": 0,
              "material": {
                "depth": 0,
                "env": [
                  1.0,
                  0.8790972828865051,
                  0.31854838132858276,
                  0.9921568632125854
                ],
                "fresnel": 0,
                "fresnelColor": [
                  1.0,
                  1.0,
                  1.0,
                  1.0
                ],
                "lighting": false,
                "prim": [
                  0.9435483813285828,
                  0.6368460655212402,
                  0.16740375757217407,
                  1.0
                ],
                "setDepth": true,
                "setEnv": true,
                "setFresnel": false,
                "setLighting": false,
                "setPrim": true
              },
              "meshFilter": "",
              "model": 7363787437567682035
            },
            "id": 1,
            "name": "Model",
            "uuid": 4554400680681006850
          },
          {
            "data": {
              "objectUUID": 2788050379,
              "type": 2,
              "usePos": true,
              "useRot": false,
              "useScale": false
            },
            "id": 7,
            "name": "Constraint",
            "uuid": 7401844794037525374
          }
        ],
        "enabled": true,
        "id": 23,
        "name": "Skybox",
        "pos": [
          480.0,
          0.0,
          1183.89404296875
        ],
        "propOverrides": {},
        "rot": [
          0.0,
          0.0,
          0.0,
          1.0
        ],
        "scale": [
          1.0,
          1.0,
          1.0
        ],
        "selectable": true,
        "uuid": 2223453049,
        "uuidPrefab": 0
      },
      {
        "children": [],
        "components": [
          {
            "data": {
              "asset": 3153526507736140669,
              "autoRun": true,
              "repeatable": false
            },
            "id": 9,
            "name": "Node Graph",
            "uuid": 10746948521394655966
          }
        ],
        "enabled": true,
        "id": 34,
        "name": "Intro Cutscene",
        "pos": [
          -40.643714904785156,
          67.33863830566406,
          263.9940185546875
        ],
        "propOverrides": {},
        "rot": [
          0.0,
          0.0,
          0.0,
          1.0
        ],
        "scale": [
          1.0,
          1.0,
          1.0
        ],
        "selectable": true,
        "uuid": 3777559412,
        "uuidPrefab": 0
      },
      {
        "children": [],
        "components": [
          {
            "data": {
              "audioUUID": 4815954210761963144,
              "autoPlay": true,
              "loop": true,
              "volume": 0.4000000059604645
            },
            "id": 6,
            "name": "Audio (2D)",
            "uuid": 11217936610671411199
          }
        ],
        "enabled": true,
        "id": 35,
        "name": "Audio",
        "pos": [
          0.0,
          0.0,
          0.0
        ],
        "propOverrides": {},
        "rot": [
          0.0,
          0.0,
          0.0,
          1.0
        ],
        "scale": [
          1.0,
          1.0,
          1.0
        ],
        "selectable": true,
        "uuid": 1810533271,
        "uuidPrefab": 0
      },
      {
        "children": [
          {
            "children": [],
            "components": [
              {
                "data": {
                  "color": [
                    1.0,
                    1.0,
                    1.0,
                    0.9843137264251709
                  ],
                  "index": 0,
                  "type": 0
                },
                "id": 2,
                "name": "Light",
                "uuid": 16497944062403456447
              }
            ],
            "enabled": true,
            "id": 4,
            "name": "Ambient",
            "pos": [
              314.25555419921875,
              190.0009765625,
              917.5828857421875
            ],
            "propOverrides": {},
            "rot": [
              0.0,
              0.0,
              0.0,
              1.0
            ],
            "scale": [
              1.0000001192092896,
              1.0,
              1.0
            ],
            "selectable": true,
            "uuid": 3825197670,
            "uuidPrefab": 0
          }
        ],
        "components": [],
        "enabled": true,
        "id": 6,
        "name": "Lighting",
        "pos": [
          20.0,
          0.0,
          0.0
        ],
        "propOverrides": {},
        "rot": [
          0.0,
          0.0,
          0.0,
          1.0
        ],
        "scale": [
          1.0,
          1.0,
          1.0
        ],
        "selectable": true,
        "uuid": 1058566043,
        "uuidPrefab": 0
      },
      {
        "children": [],
        "components": [],
        "enabled": true,
        "id": 2,
        "name": "PlayerCam (2)",
        "pos": [
          3.8202247619628906,
          79.23812866210938,
          231.6162567138672
        ],
        "propOverrides": {
          "11272843812465326562": "1:1.000000,1.000000,1.000000",
          "13911321452997764027": "1:-6.179775,79.238129,231.616257",
          "6744764348870861464": "7:2000.000000",
          "9467563534403475754": "0:0.000000,0.000000,0.000000,1.000000"
        },
        "rot": [
          0.0,
          0.0,
          0.0,
          1.0
        ],
        "scale": [
          1.0,
          1.0,
          1.0
        ],
        "selectable": true,
        "uuid": 2788050379,
        "uuidPrefab": 3582011595
      },
      {
        "children": [],
        "components": [],
        "enabled": true,
        "id": 3,
        "name": "Player (3)",
        "pos": [
          20.0,
          0.0,
          194.30795288085938
        ],
        "propOverrides": {
          "11272843812465326562": "1:1.000000,1.000000,1.000000",
          "13911321452997764027": "1:0.000000,0.000000,190.000000",
          "9467563534403475754": "0:0.000000,0.000000,0.000000,1.000000"
        },
        "rot": [
          0.0,
          0.0,
          0.0,
          1.0
        ],
        "scale": [
          1.0,
          1.0,
          1.0
        ],
        "selectable": true,
        "uuid": 1603989476,
        "uuidPrefab": 3372488998
      },
      {
        "children": [],
        "components": [
          {
            "data": {
              "culling": true,
              "layerIdx": 0,
              "material": {
                "depth": 0,
                "env": [
                  1.0,
                  1.0,
                  1.0,
                  1.0
                ],
                "fresnel": 0,
                "fresnelColor": [
                  1.0,
                  1.0,
                  1.0,
                  1.0
                ],
                "lighting": true,
                "prim": [
                  1.0,
                  1.0,
                  1.0,
                  1.0
                ],
                "setDepth": false,
                "setEnv": false,
                "setFresnel": false,
                "setLighting": false,
                "setPrim": false
              },
              "meshFilter": "",
              "model": 9875025468559567941
            },
            "id": 1,
            "name": "Model",
            "uuid": 12143995391064469914
          },
          {
            "data": {
              "meshFilter": "",
              "modelUUID": 9875025468559567941
            },
            "id": 4,
            "name": "Collision-Mesh",
            "uuid": 8158441233249687957
          }
        ],
        "enabled": true,
        "id": 7,
        "name": "Map",
        "pos": [
          0.0,
          0.0,
          0.0
        ],
        "propOverrides": {},
        "rot": [
          0.0,
          0.0,
          0.0,
          1.0
        ],
        "scale": [
          1.0,
          1.0,
          1.0
        ],
        "selectable": false,
        "uuid": 840535229,
        "uuidPrefab": 0
      },
      {
        "children": [
          {
            "children": [],
            "components": [],
            "enabled": true,
            "id": 9,
            "name": "Coin",
            "pos": [
              10.0,
              0.0,
              0.0
            ],
            "propOverrides": {
              "11272843812465326562": "1:1.000000,1.000000,1.000000",
              "13911321452997764027": "1:220.000000,10.000000,210.000000",
              "9467563534403475754": "0:0.000000,0.000000,0.000000,1.000000"
            },
            "rot": [
              0.0,
              0.0,
              0.0,
              1.0
            ],
            "scale": [
              1.0,
              1.0,
              1.0
            ],
            "selectable": true,
            "uuid": 3748837722,
            "uuidPrefab": 1066636061
          },
          {
            "children": [],
            "components": [],
            "enabled": true,
            "id": 11,
            "name": "Coin",
            "pos": [
              10.0,
              0.0,
              0.0
            ],
            "propOverrides": {
              "11272843812465326562": "1:1.000000,1.000000,1.000000",
              "13911321452997764027": "1:-220.000000,10.000000,210.000000",
              "9467563534403475754": "0:0.000000,0.000000,0.000000,1.000000"
            },
            "rot": [
              0.0,
              0.0,
              0.0,
              1.0
            ],
            "scale": [
              1.0,
              1.0,
              1.0
            ],
            "selectable": true,
            "uuid": 3557233828,
            "uuidPrefab": 1066636061
          },
          {
            "children": [],
            "components": [],
            "enabled": true,
            "id": 26,
            "name": "Coin",
            "pos": [
              10.0,
              0.0,
              0.0
            ],
            "propOverrides": {
              "11272843812465326562": "1:1.000000,1.000000,1.000000",
              "13911321452997764027": "1:-130.000000,10.000000,280.000000",
              "9467563534403475754": "0:0.000000,0.000000,0.000000,1.000000"
            },
            "rot": [
              0.0,
              0.0,
              0.0,
              1.0
            ],
            "scale": [
              1.0,
              1.0,
              1.0
            ],
            "selectable": true,
            "uuid": 1074137268,
            "uuidPrefab": 1066636061
          },
          {
            "children": [],
            "components": [],
            "enabled": true,
            "id": 27,
            "name": "Coin",
            "pos": [
              10.0,
              0.0,
              0.0
            ],
            "propOverrides": {
              "11272843812465326562": "1:1.000000,1.000000,1.000000",
              "13911321452997764027": "1:130.000000,10.000000,280.000000",
              "9467563534403475754": "0:0.000000,0.000000,0.000000,1.000000"
            },
            "rot": [
              0.0,
              0.0,
              0.0,
              1.0
            ],
            "scale": [
              1.0,
              1.0,
              1.0
            ],
            "selectable": true,
            "uuid": 2408703820,
            "uuidPrefab": 1066636061
          },
          {
            "children": [],
            "components": [],
            "enabled": true,
            "id": 8,
            "name": "Coin",
            "pos": [
              10.0,
              0.0,
              0.0
            ],
            "propOverrides": {
              "11272843812465326562": "1:1.000000,1.000000,1.000000",
              "13911321452997764027": "1:-220.000000,10.000000,50.000000",
              "9467563534403475754": "0:0.000000,0.000000,0.000000,1.000000"
            },
            "rot": [
              0.0,
              0.0,
              0.0,
              1.0
            ],
            "scale": [
              1.0,
              1.0,
              1.0
            ],
            "selectable": true,
            "uuid": 3693052878,
            "uuidPrefab": 1066636061
          },
          {
            "children": [],
            "components": [],
            "enabled": true,
            "id": 10,
            "name": "Coin",
            "pos": [
              10.0,
              0.0,
              0.0
            ],
            "propOverrides": {
              "11272843812465326562": "1:1.000000,1.000000,1.000000",
              "13911321452997764027": "1:220.000000,10.000000,50.000000",
              "9467563534403475754": "0:0.000000,0.000000,0.000000,1.000000"
            },
            "rot": [
              0.0,
              0.0,
              0.0,
              1.0
            ],
            "scale": [
              1.0,
              1.0,
              1.0
            ],
            "selectable": true,
            "uuid": 1950461801,
            "uuidPrefab": 1066636061
          },
          {
            "children": [],
            "components": [],
            "enabled": true,
            "id": 41,
            "name": "Coin",
            "pos": [
              10.0,
              0.0,
              0.0
            ],
            "propOverrides": {
              "11272843812465326562": "1:1.000000,1.000000,1.000000",
              "13911321452997764027": "1:784.297241,130.000000,19.907127",
              "9467563534403475754": "0:0.000000,0.000000,0.000000,1.000000"
            },
            "rot": [
              0.0,
              0.0,
              0.0,
              1.0
            ],
            "scale": [
              1.0,
              1.0,
              1.0
            ],
            "selectable": true,
            "uuid": 819360248,
            "uuidPrefab": 1066636061
          },
          {
            "children": [],
            "components": [],
            "enabled": true,
            "id": 42,
            "name": "Coin",
            "pos": [
              10.0,
              0.0,
              0.0
            ],
            "propOverrides": {
              "11272843812465326562": "1:1.000000,1.000000,1.000000",
              "13911321452997764027": "1:784.297241,130.000000,129.907135",
              "9467563534403475754": "0:0.000000,0.000000,0.000000,1.000000"
            },
            "rot": [
              0.0,
              0.0,
              0.0,
              1.0
            ],
            "scale": [
              1.0,
              1.0,
              1.0
            ],
            "selectable": true,
            "uuid": 1862056454,
            "uuidPrefab": 1066636061
          },
          {
            "children": [],
            "components": [],
            "enabled": true,
            "id": 43,
            "name": "Coin",
            "pos": [
              10.0,
              0.0,
              0.0
            ],
            "propOverrides": {
              "11272843812465326562": "1:1.000000,1.000000,1.000000",
              "13911321452997764027": "1:900.736389,130.000000,129.907135",
              "9467563534403475754": "0:0.000000,0.000000,0.000000,1.000000"
            },
            "rot": [
              0.0,
              0.0,
              0.0,
              1.0
            ],
            "scale": [
              1.0,
              1.0,
              1.0
            ],
            "selectable": true,
            "uuid": 2341179853,
            "uuidPrefab": 1066636061
          },
          {
            "children": [],
            "components": [],
            "enabled": true,
            "id": 44,
            "name": "Coin",
            "pos": [
              10.0,
              0.0,
              0.0
            ],
            "propOverrides": {
              "11272843812465326562": "1:1.000000,1.000000,1.000000",
              "13911321452997764027": "1:898.896667,130.000000,19.907135",
              "9467563534403475754": "0:0.000000,0.000000,0.000000,1.000000"
            },
            "rot": [
              0.0,
              0.0,
              0.0,
              1.0
            ],
            "scale": [
              1.0,
              1.0,
              1.0
            ],
            "selectable": true,
            "uuid": 1607690092,
            "uuidPrefab": 1066636061
          },
          {
            "children": [],
            "components": [],
            "enabled": true,
            "id": 45,
            "name": "Coin",
            "pos": [
              10.0,
              0.0,
              0.0
            ],
            "propOverrides": {
              "11272843812465326562": "1:1.000000,1.000000,1.000000",
              "13911321452997764027": "1:900.000000,140.000000,390.000000",
              "9467563534403475754": "0:0.000000,0.000000,0.000000,1.000000"
            },
            "rot": [
              0.0,
              0.0,
              0.0,
              1.0
            ],
            "scale": [
              1.0,
              1.0,
              1.0
            ],
            "selectable": true,
            "uuid": 3768683950,
            "uuidPrefab": 1066636061
          },
          {
            "children": [],
            "components": [],
            "enabled": true,
            "id": 46,
            "name": "Coin",
            "pos": [
              10.0,
              0.0,
              0.0
            ],
            "propOverrides": {
              "11272843812465326562": "1:1.000000,1.000000,1.000000",
              "13911321452997764027": "1:767.064270,125.665749,386.378540",
              "9467563534403475754": "0:0.000000,0.000000,0.000000,1.000000"
            },
            "rot": [
              0.0,
              0.0,
              0.0,
              1.0
            ],
            "scale": [
              1.0,
              1.0,
              1.0
            ],
            "selectable": true,
            "uuid": 2794203753,
            "uuidPrefab": 1066636061
          },
          {
            "children": [],
            "components": [],
            "enabled": true,
            "id": 47,
            "name": "Coin",
            "pos": [
              10.0,
              0.0,
              0.0
            ],
            "propOverrides": {
              "11272843812465326562": "1:1.000000,1.000000,1.000000",
              "13911321452997764027": "1:-1112.385742,-0.633381,183.390656",
              "9467563534403475754": "0:0.000000,0.000000,0.000000,1.000000"
            },
            "rot": [
              0.0,
              0.0,
              0.0,
              1.0
            ],
            "scale": [
              1.0,
              1.0,
              1.0
            ],
            "selectable": true,
            "uuid": 3303875051,
            "uuidPrefab": 1066636061
          },
          {
            "children": [],
            "components": [],
            "enabled": true,
            "id": 48,
            "name": "Coin",
            "pos": [
              10.0,
              0.0,
              0.0
            ],
            "propOverrides": {
              "11272843812465326562": "1:1.000000,1.000000,1.000000",
              "13911321452997764027": "1:-991.165588,-0.633376,159.090286",
              "9467563534403475754": "0:0.000000,0.000000,0.000000,1.000000"
            },
            "rot": [
              0.0,
              0.0,
              0.0,
              1.0
            ],
            "scale": [
              1.0,
              1.0,
              1.0
            ],
            "selectable": true,
            "uuid": 99073076,
            "uuidPrefab": 1066636061
          },
          {
            "children": [],
            "components": [],
            "enabled": true,
            "id": 49,
            "name": "Coin",
            "pos": [
              10.0,
              0.0,
              0.0
            ],
            "propOverrides": {
              "11272843812465326562": "1:1.000000,1.000000,1.000000",
              "13911321452997764027": "1:-961.009644,-0.633381,286.753632",
              "9467563534403475754": "0:0.000000,0.000000,0.000000,1.000000"
            },
            "rot": [
              0.0,
              0.0,
              0.0,
              1.0
            ],
            "scale": [
              1.0,
              1.0,
              1.0
            ],
            "selectable": true,
            "uuid": 1828757569,
            "uuidPrefab": 1066636061
          },
          {
            "children": [],
            "components": [],
            "enabled": true,
            "id": 50,
            "name": "Coin",
            "pos": [
              10.0,
              0.0,
              0.0
            ],
            "propOverrides": {
              "11272843812465326562": "1:1.000000,1.000000,1.000000",
              "13911321452997764027": "1:-1083.387695,-0.633386,315.228699",
              "9467563534403475754": "0:0.000000,0.000000,0.000000,1.000000"
            },
            "rot": [
              0.0,
              0.0,
              0.0,
              1.0
            ],
            "scale": [
              1.0,
              1.0,
              1.0
            ],
            "selectable": true,
            "uuid": 862233934,
            "uuidPrefab": 1066636061
          },
          {
            "children": [],
            "components": [],
            "enabled": true,
            "id": 51,
            "name": "Coin",
            "pos": [
              10.0,
              0.0,
              0.0
            ],
            "propOverrides": {
              "11272843812465326562": "1:1.000000,1.000000,1.000000",
              "13911321452997764027": "1:477.588409,174.483673,506.554657",
              "9467563534403475754": "0:0.000000,0.000000,0.000000,1.000000"
            },
            "rot": [
              0.0,
              0.0,
              0.0,
              1.0
            ],
            "scale": [
              1.0,
              1.0,
              1.0
            ],
            "selectable": true,
            "uuid": 1795462595,
            "uuidPrefab": 1066636061
          },
          {
            "children": [],
            "components": [],
            "enabled": true,
            "id": 52,
            "name": "Coin",
            "pos": [
              10.0,
              0.0,
              0.0
            ],
            "propOverrides": {
              "11272843812465326562": "1:1.000000,1.000000,1.000000",
              "13911321452997764027": "1:498.873199,170.000000,605.817383",
              "9467563534403475754": "0:0.000000,0.000000,0.000000,1.000000"
            },
            "rot": [
              0.0,
              0.0,
              0.0,
              1.0
            ],
            "scale": [
              1.0,
              1.0,
              1.0
            ],
            "selectable": true,
            "uuid": 3595365922,
            "uuidPrefab": 1066636061
          },
          {
            "children": [],
            "components": [],
            "enabled": true,
            "id": 62,
            "name": "Coin",
            "pos": [
              10.0,
              0.0,
              0.0
            ],
            "propOverrides": {
              "11272843812465326562": "1:1.000000,1.000000,1.000000",
              "13911321452997764027": "1:-884.983826,105.539459,-153.025681",
              "9467563534403475754": "0:0.000000,0.000000,0.000000,1.000000"
            },
            "rot": [
              0.0,
              0.0,
              0.0,
              1.0
            ],
            "scale": [
              1.0,
              1.0,
              1.0
            ],
            "selectable": true,
            "uuid": 3086077969,
            "uuidPrefab": 1066636061
          },
          {
            "children": [],
            "components": [],
            "enabled": true,
            "id": 63,
            "name": "Coin",
            "pos": [
              10.0,
              0.0,
              0.0
            ],
            "propOverrides": {
              "11272843812465326562": "1:1.000000,1.000000,1.000000",
              "13911321452997764027": "1:-636.350525,122.415367,538.849121",
              "9467563534403475754": "0:0.000000,0.000000,0.000000,1.000000"
            },
            "rot": [
              0.0,
              0.0,
              0.0,
              1.0
            ],
            "scale": [
              1.0,
              1.0,
              1.0
            ],
            "selectable": true,
            "uuid": 2020581216,
            "uuidPrefab": 1066636061
          },
          {
            "children": [],
            "components": [],
            "enabled": true,
            "id": 64,
            "name": "Coin",
            "pos": [
              10.0,
              0.0,
              0.0
            ],
            "propOverrides": {
              "11272843812465326562": "1:1.000000,1.000000,1.000000",
              "13911321452997764027": "1:-623.220581,123.001755,633.028748",
              "9467563534403475754": "0:0.000000,0.000000,0.000000,1.000000"
            },
            "rot": [
              0.0,
              0.0,
              0.0,
              1.0
            ],
            "scale": [
              1.0,
              1.0,
              1.0
            ],
            "selectable": true,
            "uuid": 2885675112,
            "uuidPrefab": 1066636061
          },
          {
            "children": [],
            "components": [],
            "enabled": true,
            "id": 65,
            "name": "Coin",
            "pos": [
              10.0,
              0.0,
              0.0
            ],
            "propOverrides": {
              "11272843812465326562": "1:1.000000,1.000000,1.000000",
              "13911321452997764027": "1:-962.862793,95.721016,-250.524567",
              "9467563534403475754": "0:0.000000,0.000000,0.000000,1.000000"
            },
            "rot": [
              0.0,
              0.0,
              0.0,
              1.0
            ],
            "scale": [
              1.0,
              1.0,
              1.0
            ],
            "selectable": true,
            "uuid": 1388215064,
            "uuidPrefab": 1066636061
          },
          {
            "children": [],
            "components": [],
            "enabled": true,
            "id": 66,
            "name": "Coin",
            "pos": [
              10.0,
              0.0,
              0.0
            ],
            "propOverrides": {
              "11272843812465326562": "1:1.000000,1.000000,1.000000",
              "13911321452997764027": "1:-950.000000,90.000000,-40.000000",
              "9467563534403475754": "0:0.000000,0.000000,0.000000,1.000000"
            },
            "rot": [
              0.0,
              0.0,
              0.0,
              1.0
            ],
            "scale": [
              1.0,
              1.0,
              1.0
            ],
            "selectable": true,
            "uuid": 906875369,
            "uuidPrefab": 1066636061
          },
          {
            "children": [],
            "components": [],
            "enabled": true,
            "id": 67,
            "name": "Coin",
            "pos": [
              10.0,
              0.0,
              0.0
            ],
            "propOverrides": {
              "11272843812465326562": "1:1.000000,1.000000,1.000000",
              "13911321452997764027": "1:400.692749,147.884552,619.674133",
              "9467563534403475754": "0:0.000000,0.000000,0.000000,1.000000"
            },
            "rot": [
              0.0,
              0.0,
              0.0,
              1.0
            ],
            "scale": [
              1.0,
              1.0,
              1.0
            ],
            "selectable": true,
            "uuid": 4234072247,
            "uuidPrefab": 1066636061
          },
          {
            "children": [],
            "components": [],
            "enabled": true,
            "id": 68,
            "name": "Coin",
            "pos": [
              10.0,
              0.0,
              0.0
            ],
            "propOverrides": {
              "11272843812465326562": "1:1.000000,1.000000,1.000000",
              "13911321452997764027": "1:380.000000,150.000000,520.000000",
              "9467563534403475754": "0:0.000000,0.000000,0.000000,1.000000"
            },
            "rot": [
              0.0,
              0.0,
              0.0,
              1.0
            ],
            "scale": [
              1.0,
              1.0,
              1.0
            ],
            "selectable": true,
            "uuid": 2619189908,
            "uuidPrefab": 1066636061
          },
          {
            "children": [],
            "components": [],
            "enabled": true,
            "id": 73,
            "name": "Coin",
            "pos": [
              10.0,
              0.0,
              0.0
            ],
            "propOverrides": {
              "11272843812465326562": "1:1.000000,1.000000,1.000000",
              "13911321452997764027": "1:656.772278,207.855988,-24.858852",
              "9467563534403475754": "0:0.000000,0.000000,0.000000,1.000000"
            },
            "rot": [
              0.0,
              0.0,
              0.0,
              1.0
            ],
            "scale": [
              1.0,
              1.0,
              1.0
            ],
            "selectable": true,
            "uuid": 210377545,
            "uuidPrefab": 1066636061
          },
          {
            "children": [],
            "components": [],
            "enabled": true,
            "id": 74,
            "name": "Coin",
            "pos": [
              10.0,
              0.0,
              0.0
            ],
            "propOverrides": {
              "11272843812465326562": "1:1.000000,1.000000,1.000000",
              "13911321452997764027": "1:689.945679,145.620575,257.454437",
              "9467563534403475754": "0:0.000000,0.000000,0.000000,1.000000"
            },
            "rot": [
              0.0,
              0.0,
              0.0,
              1.0
            ],
            "scale": [
              1.0,
              1.0,
              1.0
            ],
            "selectable": true,
            "uuid": 1482584533,
            "uuidPrefab": 1066636061
          },
          {
            "children": [],
            "components": [],
            "enabled": true,
            "id": 75,
            "name": "Coin",
            "pos": [
              10.0,
              0.0,
              0.0
            ],
            "propOverrides": {
              "11272843812465326562": "1:1.000000,1.000000,1.000000",
              "13911321452997764027": "1:687.726685,182.219620,44.750587",
              "9467563534403475754": "0:0.000000,0.000000,0.000000,1.000000"
            },
            "rot": [
              0.0,
              0.0,
              0.0,
              1.0
            ],
            "scale": [
              1.0,
              1.0,
              1.0
            ],
            "selectable": true,
            "uuid": 2145648867,
            "uuidPrefab": 1066636061
          }
        ],
        "components": [],
        "enabled": true,
        "id": 24,
        "name": "Static Coins",
        "pos": [
          0.0,
          0.0,
          0.0
        ],
        "propOverrides": {},
        "rot": [
          0.0,
          0.0,
          0.0,
          1.0
        ],
        "scale": [
          1.0,
          1.0,
          1.0
        ],
        "selectable": false,
        "uuid": 3386435602,
        "uuidPrefab": 0
      },
      {
        "children": [
          {
            "children": [
              {
                "children": [],
                "components": [
                  {
                    "data": {
                      "objectUUID": 0,
                      "type": 1,
                      "usePos": false,
                      "useRot": false,
                      "useScale": false
                    },
                    "id": 7,
                    "name": "Constraint",
                    "uuid": 3516184662946636596
                  }
                ],
                "enabled": true,
                "id": 54,
                "name": "Coin (54)",
                "pos": [
                  0.0,
                  0.0,
                  0.0
                ],
                "propOverrides": {
                  "11272843812465326562": "1:1.000000,1.000000,1.000000",
                  "13911321452997764027": "1:-30.000000,150.000000,-390.000000",
                  "9467563534403475754": "0:0.000000,0.000000,0.000000,1.000000"
                },
                "rot": [
                  0.0,
                  0.0,
                  0.0,
                  1.0
                ],
                "scale": [
                  1.0,
                  1.0,
                  1.0
                ],
                "selectable": true,
                "uuid": 958982771,
                "uuidPrefab": 1066636061
              },
              {
                "children": [],
                "components": [
                  {
                    "data": {
                      "objectUUID": 0,
                      "type": 1,
                      "usePos": false,
                      "useRot": false,
                      "useScale": false
                    },
                    "id": 7,
                    "name": "Constraint",
                    "uuid": 3516184662946636596
                  }
                ],
                "enabled": true,
                "id": 55,
                "name": "Coin (54)",
                "pos": [
                  0.0,
                  0.0,
                  0.0
                ],
                "propOverrides": {
                  "11272843812465326562": "1:1.000000,1.000000,1.000000",
                  "13911321452997764027": "1:33.641911,153.685135,-322.076263",
                  "9467563534403475754": "0:0.000000,0.000000,0.000000,1.000000"
                },
                "rot": [
                  0.0,
                  0.0,
                  0.0,
                  1.0
                ],
                "scale": [
                  1.0,
                  1.0,
                  1.0
                ],
                "selectable": true,
                "uuid": 2191582907,
                "uuidPrefab": 1066636061
              },
              {
                "children": [],
                "components": [
                  {
                    "data": {
                      "objectUUID": 0,
                      "type": 1,
                      "usePos": false,
                      "useRot": false,
                      "useScale": false
                    },
                    "id": 7,
                    "name": "Constraint",
                    "uuid": 3516184662946636596
                  }
                ],
                "enabled": true,
                "id": 56,
                "name": "Coin (54)",
                "pos": [
                  0.0,
                  0.0,
                  0.0
                ],
                "propOverrides": {
                  "11272843812465326562": "1:1.000000,1.000000,1.000000",
                  "13911321452997764027": "1:33.304352,-157.569153,-386.467987",
                  "9467563534403475754": "0:0.000000,0.000000,0.000000,1.000000"
                },
                "rot": [
                  0.0,
                  0.0,
                  0.0,
                  1.0
                ],
                "scale": [
                  1.0,
                  1.0,
                  1.0
                ],
                "selectable": true,
                "uuid": 1566773910,
                "uuidPrefab": 1066636061
              },
              {
                "children": [],
                "components": [
                  {
                    "data": {
                      "objectUUID": 0,
                      "type": 1,
                      "usePos": false,
                      "useRot": false,
                      "useScale": false
                    },
                    "id": 7,
                    "name": "Constraint",
                    "uuid": 3516184662946636596
                  }
                ],
                "enabled": true,
                "id": 57,
                "name": "Coin (54)",
                "pos": [
                  0.0,
                  0.0,
                  0.0
                ],
                "propOverrides": {
                  "11272843812465326562": "1:1.000000,1.000000,1.000000",
                  "13911321452997764027": "1:-26.178009,-157.159058,-322.713348",
                  "9467563534403475754": "0:0.000000,0.000000,0.000000,1.000000"
                },
                "rot": [
                  0.0,
                  0.0,
                  0.0,
                  1.0
                ],
                "scale": [
                  1.0,
                  1.0,
                  1.0
                ],
                "selectable": true,
                "uuid": 4218198414,
                "uuidPrefab": 1066636061
              },
              {
                "children": [],
                "components": [
                  {
                    "data": {
                      "objectUUID": 0,
                      "type": 1,
                      "usePos": false,
                      "useRot": false,
                      "useScale": false
                    },
                    "id": 7,
                    "name": "Constraint",
                    "uuid": 3516184662946636596
                  }
                ],
                "enabled": true,
                "id": 58,
                "name": "Coin (54)",
                "pos": [
                  0.0,
                  0.0,
                  0.0
                ],
                "propOverrides": {
                  "11272843812465326562": "1:1.000000,1.000000,1.000000",
                  "13911321452997764027": "1:-158.009201,37.183132,-386.297180",
                  "9467563534403475754": "0:0.000000,0.000000,0.000000,1.000000"
                },
                "rot": [
                  0.0,
                  0.0,
                  0.0,
                  1.0
                ],
                "scale": [
                  1.0,
                  1.0,
                  1.0
                ],
                "selectable": true,
                "uuid": 3846992981,
                "uuidPrefab": 1066636061
              },
              {
                "children": [],
                "components": [
                  {
                    "data": {
                      "objectUUID": 0,
                      "type": 1,
                      "usePos": false,
                      "useRot": false,
                      "useScale": false
                    },
                    "id": 7,
                    "name": "Constraint",
                    "uuid": 3516184662946636596
                  }
                ],
                "enabled": true,
                "id": 59,
                "name": "Coin (54)",
                "pos": [
                  0.0,
                  0.0,
                  0.0
                ],
                "propOverrides": {
                  "11272843812465326562": "1:1.000000,1.000000,1.000000",
                  "13911321452997764027": "1:-160.000000,-30.000000,-330.000000",
                  "9467563534403475754": "0:0.000000,0.000000,0.000000,1.000000"
                },
                "rot": [
                  0.0,
                  0.0,
                  0.0,
                  1.0
                ],
                "scale": [
                  1.0,
                  1.0,
                  1.0
                ],
                "selectable": true,
                "uuid": 3651388590,
                "uuidPrefab": 1066636061
              },
              {
                "children": [],
                "components": [
                  {
                    "data": {
                      "objectUUID": 0,
                      "type": 1,
                      "usePos": false,
                      "useRot": false,
                      "useScale": false
                    },
                    "id": 7,
                    "name": "Constraint",
                    "uuid": 3516184662946636596
                  }
                ],
                "enabled": true,
                "id": 60,
                "name": "Coin (54)",
                "pos": [
                  0.0,
                  0.0,
                  0.0
                ],
                "propOverrides": {
                  "11272843812465326562": "1:1.000000,1.000000,1.000000",
                  "13911321452997764027": "1:160.000000,-30.000000,-390.000000",
                  "9467563534403475754": "0:0.000000,0.000000,0.000000,1.000000"
                },
                "rot": [
                  0.0,
                  0.0,
                  0.0,
                  1.0
                ],
                "scale": [
                  1.0,
                  1.0,
                  1.0
                ],
                "selectable": true,
                "uuid": 2880594227,
                "uuidPrefab": 1066636061
              },
              {
                "children": [],
                "components": [
                  {
                    "data": {
                      "objectUUID": 0,
                      "type": 1,
                      "usePos": false,
                      "useRot": false,
                      "useScale": false
                    },
                    "id": 7,
                    "name": "Constraint",
                    "uuid": 3516184662946636596
                  }
                ],
                "enabled": true,
                "id": 61,
                "name": "Coin (54)",
                "pos": [
                  0.0,
                  0.0,
                  0.0
                ],
                "propOverrides": {
                  "11272843812465326562": "1:1.000000,1.000000,1.000000",
                  "13911321452997764027": "1:160.000000,29.506916,-328.028168",
                  "9467563534403475754": "0:0.000000,0.000000,0.000000,1.000000"
                },
                "rot": [
                  0.0,
                  0.0,
                  0.0,
                  1.0
                ],
                "scale": [
                  1.0,
                  1.0,
                  1.0
                ],
                "selectable": true,
                "uuid": 3337904910,
                "uuidPrefab": 1066636061
              }
            ],
            "components": [
              {
                "data": {
                  "culling": false,
                  "layerIdx": 0,
                  "material": {
                    "depth": 0,
                    "env": [
                      1.0,
                      1.0,
                      1.0,
                      1.0
                    ],
                    "fresnel": 0,
                    "fresnelColor": [
                      1.0,
                      1.0,
                      1.0,
                      1.0
                    ],
                    "lighting": true,
                    "prim": [
                      1.0,
                      1.0,
                      1.0,
                      1.0
                    ],
                    "setDepth": false,
                    "setEnv": false,
                    "setFresnel": false,
                    "setLighting": false,
                    "setPrim": false
                  },
                  "meshFilter": "model",
                  "model": 244801699526709921
                },
                "id": 1,
                "name": "Model",
                "uuid": 17528814242325218933
              },
              {
                "data": {
                  "args": {
                    "axisX": "0",
                    "axisY": "0",
                    "axisZ": "1",
                    "radius": "",
                    "speed": "0.4",
                    "texExpPack": "13383390974258263293",
                    "type": "0"
                  },
                  "script": 14292327376580313433
                },
                "id": 0,
                "name": "Code",
                "uuid": 1431305890246058073
              },
              {
                "data": {
                  "meshFilter": "coll",
                  "modelUUID": 244801699526709921
                },
                "id": 4,
                "name": "Collision-Mesh",
                "uuid": 3338357609954682619
              }
            ],
            "enabled": true,
            "id": 37,
            "name": "Platform (7)",
            "pos": [
              0.0,
              -0.197021484375,
              -355.44879150390625
            ],
            "propOverrides": {},
            "rot": [
              0.0,
              0.0,
              0.0,
              1.0
            ],
            "scale": [
              4.0,
              4.0,
              4.0
            ],
            "selectable": true,
            "uuid": 373202280,
            "uuidPrefab": 0
          }
        ],
        "components": [],
        "enabled": true,
        "id": 25,
        "name": "Void First",
        "pos": [
          -203.84361267089844,
          34.22049331665039,
          130.26246643066406
        ],
        "propOverrides": {
          "11272843812465326562": "1:3.060000,3.060000,3.060000",
          "13911321452997764027": "1:0.000000,80.000000,-0.000000",
          "15615708542372730715": "9:4",
          "9467563534403475754": "0:0.000000,0.000000,0.000000,1.000000"
        },
        "rot": [
          0.0,
          0.0,
          0.0,
          1.0
        ],
        "scale": [
          2.0,
          2.0,
          2.0
        ],
        "selectable": true,
        "uuid": 3088306751,
        "uuidPrefab": 3258852297
      },
      {
        "children": [
          {
            "children": [
              {
                "children": [],
                "components": [
                  {
                    "data": {
                      "objectUUID": 0,
                      "type": 1,
                      "usePos": false,
                      "useRot": false,
                      "useScale": false
                    },
                    "id": 7,
                    "name": "Constraint",
                    "uuid": 8955958472858909557
                  }
                ],
                "enabled": true,
                "id": 12,
                "name": "Coin (20)",
                "pos": [
                  30.0,
                  0.0,
                  0.0
                ],
                "propOverrides": {
                  "11272843812465326562": "1:1.000000,1.000000,1.000000",
                  "13911321452997764027": "1:589.677917,160.231659,106.682167",
                  "9467563534403475754": "0:0.000000,0.000000,0.000000,1.000000"
                },
                "rot": [
                  0.0,
                  0.0,
                  0.0,
                  1.0
                ],
                "scale": [
                  1.0,
                  1.0,
                  1.0
                ],
                "selectable": true,
                "uuid": 378316164,
                "uuidPrefab": 1066636061
              },
              {
                "children": [],
                "components": [
                  {
                    "data": {
                      "objectUUID": 0,
                      "type": 1,
                      "usePos": false,
                      "useRot": false,
                      "useScale": false
                    },
                    "id": 7,
                    "name": "Constraint",
                    "uuid": 17513139498906748927
                  }
                ],
                "enabled": true,
                "id": 13,
                "name": "Coin (20)",
                "pos": [
                  30.0,
                  0.0,
                  0.0
                ],
                "propOverrides": {
                  "11272843812465326562": "1:1.000000,1.000000,1.000000",
                  "13911321452997764027": "1:497.148865,84.524506,108.414673",
                  "9467563534403475754": "0:0.000000,0.000000,0.000000,1.000000"
                },
                "rot": [
                  0.0,
                  0.0,
                  0.0,
                  1.0
                ],
                "scale": [
                  1.0,
                  1.0,
                  1.0
                ],
                "selectable": true,
                "uuid": 1124596566,
                "uuidPrefab": 1066636061
              },
              {
                "children": [],
                "components": [
                  {
                    "data": {
                      "objectUUID": 0,
                      "type": 1,
                      "usePos": false,
                      "useRot": false,
                      "useScale": false
                    },
                    "id": 7,
                    "name": "Constraint",
                    "uuid": 15861026641044986638
                  }
                ],
                "enabled": true,
                "id": 14,
                "name": "Coin (20)",
                "pos": [
                  30.0,
                  0.0,
                  0.0
                ],
                "propOverrides": {
                  "11272843812465326562": "1:1.000000,1.000000,1.000000",
                  "13911321452997764027": "1:592.674622,87.961884,201.184998",
                  "9467563534403475754": "0:0.000000,0.000000,0.000000,1.000000"
                },
                "rot": [
                  0.0,
                  0.0,
                  0.0,
                  1.0
                ],
                "scale": [
                  1.0,
                  1.0,
                  1.0
                ],
                "selectable": true,
                "uuid": 24337358,
                "uuidPrefab": 1066636061
              }
            ],
            "components": [
              {
                "data": {
                  "culling": false,
                  "layerIdx": 0,
                  "material": {
                    "depth": 0,
                    "env": [
                      1.0,
                      1.0,
                      1.0,
                      1.0
                    ],
                    "fresnel": 0,
                    "fresnelColor": [
                      1.0,
                      1.0,
                      1.0,
                      1.0
                    ],
                    "lighting": true,
                    "prim": [
                      1.0,
                      1.0,
                      1.0,
                      1.0
                    ],
                    "setDepth": false,
                    "setEnv": false,
                    "setFresnel": false,
                    "setLighting": false,
                    "setPrim": false
                  },
                  "meshFilter": "block01_model",
                  "model": 2790078963282814027
                },
                "id": 1,
                "name": "Model",
                "uuid": 9285043598254134544
              },
              {
                "data": {
                  "meshFilter": "block01_coll",
                  "modelUUID": 2790078963282814027
                },
                "id": 4,
                "name": "Collision-Mesh",
                "uuid": 4432304565998402894
              },
              {
                "data": {
                  "halfExtend": [
                    100.0,
                    100.0,
                    100.0
                  ],
                  "offset": [
                    0.0,
                    0.0,
                    0.0
                  ],
                  "type": 0
                },
                "id": 8,
                "name": "Culling",
                "uuid": 2310040173833469337
              },
              {
                "data": {
                  "args": {
                    "axisX": "0",
                    "axisY": "1",
                    "axisZ": "0",
                    "radius": "80",
                    "speed": "1",
                    "texExpPack": "13383390974258263293",
                    "type": "1"
                  },
                  "script": 14292327376580313433
                },
                "id": 0,
                "name": "Code",
                "uuid": 12075870579140889334
              }
            ],
            "enabled": true,
            "id": 5,
            "name": "Bock Right",
            "pos": [
              545.86865234375,
              71.7169189453125,
              156.68124389648438
            ],
            "propOverrides": {},
            "rot": [
              0.0,
              0.0,
              0.0,
              1.0
            ],
            "scale": [
              1.0,
              1.0,
              1.001174807548523
            ],
            "selectable": true,
            "uuid": 2520210066,
            "uuidPrefab": 0
          },
          {
            "children": [
              {
                "children": [],
                "components": [
                  {
                    "data": {
                      "objectUUID": 0,
                      "type": 1,
                      "usePos": false,
                      "useRot": false,
                      "useScale": false
                    },
                    "id": 7,
                    "name": "Constraint",
                    "uuid": 8955958472858909557
                  }
                ],
                "enabled": true,
                "id": 39,
                "name": "Coin (20)",
                "pos": [
                  30.0,
                  0.0,
                  0.0
                ],
                "propOverrides": {
                  "11272843812465326562": "1:1.000000,1.000000,1.000000",
                  "13911321452997764027": "1:470.000000,279.113190,-50.000000",
                  "9467563534403475754": "0:0.000000,0.000000,0.000000,1.000000"
                },
                "rot": [
                  0.0,
                  0.0,
                  0.0,
                  1.0
                ],
                "scale": [
                  1.0,
                  1.0,
                  1.0
                ],
                "selectable": true,
                "uuid": 714587094,
                "uuidPrefab": 1066636061
              },
              {
                "children": [],
                "components": [
                  {
                    "data": {
                      "objectUUID": 0,
                      "type": 1,
                      "usePos": false,
                      "useRot": false,
                      "useScale": false
                    },
                    "id": 7,
                    "name": "Constraint",
                    "uuid": 17513139498906748927
                  }
                ],
                "enabled": true,
                "id": 12,
                "name": "Coin (20)",
                "pos": [
                  30.0,
                  0.0,
                  0.0
                ],
                "propOverrides": {
                  "11272843812465326562": "1:1.000000,1.000000,1.000000",
                  "13911321452997764027": "1:472.391968,206.337799,-148.331329",
                  "9467563534403475754": "0:0.000000,0.000000,0.000000,1.000000"
                },
                "rot": [
                  0.0,
                  0.0,
                  0.0,
                  1.0
                ],
                "scale": [
                  1.0,
                  1.0,
                  1.0
                ],
                "selectable": true,
                "uuid": 3030150193,
                "uuidPrefab": 1066636061
              },
              {
                "children": [],
                "components": [
                  {
                    "data": {
                      "objectUUID": 0,
                      "type": 1,
                      "usePos": false,
                      "useRot": false,
                      "useScale": false
                    },
                    "id": 7,
                    "name": "Constraint",
                    "uuid": 15861026641044986638
                  }
                ],
                "enabled": true,
                "id": 13,
                "name": "Coin (20)",
                "pos": [
                  30.0,
                  0.0,
                  0.0
                ],
                "propOverrides": {
                  "11272843812465326562": "1:1.000000,1.000000,1.000000",
                  "13911321452997764027": "1:557.312988,210.267609,-43.028522",
                  "9467563534403475754": "0:0.000000,0.000000,0.000000,1.000000"
                },
                "rot": [
                  0.0,
                  0.0,
                  0.0,
                  1.0
                ],
                "scale": [
                  1.0,
                  1.0,
                  1.0
                ],
                "selectable": true,
                "uuid": 1536333899,
                "uuidPrefab": 1066636061
              }
            ],
            "components": [
              {
                "data": {
                  "culling": false,
                  "layerIdx": 0,
                  "material": {
                    "depth": 0,
                    "env": [
                      1.0,
                      1.0,
                      1.0,
                      1.0
                    ],
                    "fresnel": 0,
                    "fresnelColor": [
                      1.0,
                      1.0,
                      1.0,
                      1.0
                    ],
                    "lighting": true,
                    "prim": [
                      1.0,
                      1.0,
                      1.0,
                      1.0
                    ],
                    "setDepth": false,
                    "setEnv": false,
                    "setFresnel": false,
                    "setLighting": false,
                    "setPrim": false
                  },
                  "meshFilter": "block01_model",
                  "model": 2790078963282814027
                },
                "id": 1,
                "name": "Model",
                "uuid": 9285043598254134544
              },
              {
                "data": {
                  "meshFilter": "block01_coll",
                  "modelUUID": 2790078963282814027
                },
                "id": 4,
                "name": "Collision-Mesh",
                "uuid": 4432304565998402894
              },
              {
                "data": {
                  "halfExtend": [
                    100.0,
                    100.0,
                    100.0
                  ],
                  "offset": [
                    0.0,
                    0.0,
                    0.0
                  ],
                  "type": 0
                },
                "id": 8,
                "name": "Culling",
                "uuid": 2310040173833469337
              },
              {
                "data": {
                  "args": {
                    "axisX": "0",
                    "axisY": "1",
                    "axisZ": "0",
                    "radius": "80",
                    "speed": "1.3",
                    "texExpPack": "13383390974258263293",
                    "type": "1"
                  },
                  "script": 14292327376580313433
                },
                "id": 0,
                "name": "Code",
                "uuid": 16678929170851056653
              }
            ],
            "enabled": true,
            "id": 38,
            "name": "Bock Right",
            "pos": [
              514.3224487304688,
              181.84054565429688,
              -99.28324890136719
            ],
            "propOverrides": {},
            "rot": [
              0.0,
              0.9999999403953552,
              0.0,
              -0.00029902029200457036
            ],
            "scale": [
              0.9999891519546509,
              1.0,
              1.0011749267578125
            ],
            "selectable": true,
            "uuid": 86284460,
            "uuidPrefab": 0
          }
        ],
        "components": [],
        "enabled": true,
        "id": 29,
        "name": "Void Right",
        "pos": [
          -203.84361267089844,
          34.22049331665039,
          130.26246643066406
        ],
        "propOverrides": {
          "11272843812465326562": "1:3.060000,3.060000,3.060000",
          "13911321452997764027": "1:420.000000,100.000000,130.000000",
          "15615708542372730715": "9:10",
          "9467563534403475754": "0:0.000000,0.000000,0.000000,1.000000"
        },
        "rot": [
          0.0,
          0.0,
          0.0,
          1.0
        ],
        "scale": [
          2.0,
          2.0,
          2.0
        ],
        "selectable": true,
        "uuid": 2367234347,
        "uuidPrefab": 3258852297
      },
      {
        "children": [
          {
            "children": [
              {
                "children": [],
                "components": [
                  {
                    "data": {
                      "objectUUID": 0,
                      "type": 1,
                      "usePos": false,
                      "useRot": false,
                      "useScale": false
                    },
                    "id": 7,
                    "name": "Constraint",
                    "uuid": 6826158681394320501
                  }
                ],
                "enabled": true,
                "id": 30,
                "name": "Coin (30)",
                "pos": [
                  0.0,
                  0.0,
                  0.0
                ],
                "propOverrides": {
                  "11272843812465326562": "1:1.000000,1.000000,1.000000",
                  "13911321452997764027": "1:-620.261902,184.394440,169.252701",
                  "9467563534403475754": "0:0.000000,0.000000,0.000000,1.000000"
                },
                "rot": [
                  0.0,
                  0.0,
                  0.0,
                  1.0
                ],
                "scale": [
                  1.0,
                  1.0,
                  1.0
                ],
                "selectable": true,
                "uuid": 1916047921,
                "uuidPrefab": 1066636061
              },
              {
                "children": [],
                "components": [
                  {
                    "data": {
                      "objectUUID": 0,
                      "type": 1,
                      "usePos": false,
                      "useRot": false,
                      "useScale": false
                    },
                    "id": 7,
                    "name": "Constraint",
                    "uuid": 6826158681394320501
                  }
                ],
                "enabled": true,
                "id": 33,
                "name": "Coin (30)",
                "pos": [
                  0.0,
                  0.0,
                  0.0
                ],
                "propOverrides": {
                  "11272843812465326562": "1:1.000000,1.000000,1.000000",
                  "13911321452997764027": "1:-620.261902,120.290680,29.252686",
                  "9467563534403475754": "0:0.000000,0.000000,0.000000,1.000000"
                },
                "rot": [
                  0.0,
                  0.0,
                  0.0,
                  1.0
                ],
                "scale": [
                  1.0,
                  1.0,
                  1.0
                ],
                "selectable": true,
                "uuid": 778082173,
                "uuidPrefab": 1066636061
              },
              {
                "children": [],
                "components": [
                  {
                    "data": {
                      "objectUUID": 0,
                      "type": 1,
                      "usePos": false,
                      "useRot": false,
                      "useScale": false
                    },
                    "id": 7,
                    "name": "Constraint",
                    "uuid": 6826158681394320501
                  }
                ],
                "enabled": true,
                "id": 31,
                "name": "Coin (30)",
                "pos": [
                  0.0,
                  0.0,
                  0.0
                ],
                "propOverrides": {
                  "11272843812465326562": "1:1.000000,1.000000,1.000000",
                  "13911321452997764027": "1:-509.121643,121.833740,216.630051",
                  "9467563534403475754": "0:0.000000,0.000000,0.000000,1.000000"
                },
                "rot": [
                  0.0,
                  0.0,
                  0.0,
                  1.0
                ],
                "scale": [
                  1.0,
                  1.0,
                  1.0
                ],
                "selectable": true,
                "uuid": 4293975975,
                "uuidPrefab": 1066636061
              },
              {
                "children": [],
                "components": [
                  {
                    "data": {
                      "objectUUID": 0,
                      "type": 1,
                      "usePos": false,
                      "useRot": false,
                      "useScale": false
                    },
                    "id": 7,
                    "name": "Constraint",
                    "uuid": 6826158681394320501
                  }
                ],
                "enabled": true,
                "id": 32,
                "name": "Coin (30)",
                "pos": [
                  0.0,
                  0.0,
                  0.0
                ],
                "propOverrides": {
                  "11272843812465326562": "1:1.000000,1.000000,1.000000",
                  "13911321452997764027": "1:-730.262146,123.792206,219.252701",
                  "9467563534403475754": "0:0.000000,0.000000,0.000000,1.000000"
                },
                "rot": [
                  0.0,
                  0.0,
                  0.0,
                  1.0
                ],
                "scale": [
                  1.0,
                  1.0,
                  1.0
                ],
                "selectable": true,
                "uuid": 1455720677,
                "uuidPrefab": 1066636061
              }
            ],
            "components": [
              {
                "data": {
                  "culling": false,
                  "layerIdx": 0,
                  "material": {
                    "depth": 0,
                    "env": [
                      1.0,
                      1.0,
                      1.0,
                      1.0
                    ],
                    "fresnel": 0,
                    "fresnelColor": [
                      1.0,
                      1.0,
                      1.0,
                      1.0
                    ],
                    "lighting": true,
                    "prim": [
                      1.0,
                      1.0,
                      1.0,
                      1.0
                    ],
                    "setDepth": false,
                    "setEnv": false,
                    "setFresnel": false,
                    "setLighting": false,
                    "setPrim": false
                  },
                  "meshFilter": "iso00",
                  "model": 2790078963282814027
                },
                "id": 1,
                "name": "Model",
                "uuid": 9285043598254134544
              },
              {
                "data": {
                  "meshFilter": "iso00",
                  "modelUUID": 2790078963282814027
                },
                "id": 4,
                "name": "Collision-Mesh",
                "uuid": 4432304565998402894
              },
              {
                "data": {
                  "args": {
                    "axisX": "0",
                    "axisY": "1",
                    "axisZ": "0",
                    "speed": "0.5",
                    "type": "0"
                  },
                  "script": 14292327376580313433
                },
                "id": 0,
                "name": "Code",
                "uuid": 950572236386669393
              },
              {
                "data": {
                  "halfExtend": [
                    230.0,
                    230.0,
                    230.0
                  ],
                  "offset": [
                    0.0,
                    0.0,
                    0.0
                  ],
                  "type": 1
                },
                "id": 8,
                "name": "Culling",
                "uuid": 2310040173833469337
              }
            ],
            "enabled": true,
            "id": 28,
            "name": "Iso 0",
            "pos": [
              -626.77099609375,
              -30.0,
              160.76502990722656
            ],
            "propOverrides": {},
            "rot": [
              0.0,
              0.0,
              0.0,
              1.0
            ],
            "scale": [
              1.0,
              1.0,
              1.0
            ],
            "selectable": true,
            "uuid": 1973007354,
            "uuidPrefab": 0
          }
        ],
        "components": [],
        "enabled": true,
        "id": 36,
        "name": "Void (8)",
        "pos": [
          -203.84361267089844,
          34.22049331665039,
          130.26246643066406
        ],
        "propOverrides": {
          "0": "9:5",
          "11272843812465326562": "1:3.460000,3.460000,3.460000",
          "13911321452997764027": "1:-411.353851,120.964813,129.342575",
          "15615708542372730715": "9:8",
          "9467563534403475754": "0:0.000000,0.000000,0.000000,1.000000"
        },
        "rot": [
          0.0,
          0.0,
          0.0,
          1.0
        ],
        "scale": [
          2.0,
          2.0,
          2.0
        ],
        "selectable": true,
        "uuid": 624650575,
        "uuidPrefab": 3258852297
      },
      {
        "children": [
          {
            "children": [
              {
                "children": [],
                "components": [
                  {
                    "data": {
                      "objectUUID": 0,
                      "type": 1,
                      "usePos": false,
                      "useRot": false,
                      "useScale": false
                    },
                    "id": 7,
                    "name": "Constraint",
                    "uuid": 11076820534920371011
                  }
                ],
                "enabled": true,
                "id": 20,
                "name": "Coin (20)",
                "pos": [
                  30.0,
                  0.0,
                  0.0
                ],
                "propOverrides": {
                  "11272843812465326562": "1:1.000000,1.000000,1.000000",
                  "13911321452997764027": "1:-4.349298,189.191971,564.338989",
                  "9467563534403475754": "0:0.000000,0.000000,0.000000,1.000000"
                },
                "rot": [
                  0.0,
                  0.0,
                  0.0,
                  1.0
                ],
                "scale": [
                  1.0,
                  1.0,
                  1.0
                ],
                "selectable": true,
                "uuid": 1338742241,
                "uuidPrefab": 1066636061
              },
              {
                "children": [],
                "components": [
                  {
                    "data": {
                      "objectUUID": 0,
                      "type": 1,
                      "usePos": false,
                      "useRot": false,
                      "useScale": false
                    },
                    "id": 7,
                    "name": "Constraint",
                    "uuid": 11076820534920371011
                  }
                ],
                "enabled": true,
                "id": 19,
                "name": "Coin (19)",
                "pos": [
                  30.0,
                  0.0,
                  0.0
                ],
                "propOverrides": {
                  "11272843812465326562": "1:1.000000,1.000000,1.000000",
                  "13911321452997764027": "1:-0.425911,65.243439,727.579285",
                  "9467563534403475754": "0:0.000000,0.000000,0.000000,1.000000"
                },
                "rot": [
                  0.0,
                  0.0,
                  0.0,
                  1.0
                ],
                "scale": [
                  1.0,
                  1.0,
                  1.0
                ],
                "selectable": true,
                "uuid": 1683533335,
                "uuidPrefab": 1066636061
              },
              {
                "children": [],
                "components": [
                  {
                    "data": {
                      "objectUUID": 0,
                      "type": 1,
                      "usePos": false,
                      "useRot": false,
                      "useScale": false
                    },
                    "id": 7,
                    "name": "Constraint",
                    "uuid": 11076820534920371011
                  }
                ],
                "enabled": true,
                "id": 18,
                "name": "Coin (18)",
                "pos": [
                  30.0,
                  0.0,
                  0.0
                ],
                "propOverrides": {
                  "11272843812465326562": "1:1.000000,1.000000,1.000000",
                  "13911321452997764027": "1:285.075989,9.563898,559.171631",
                  "9467563534403475754": "0:0.000000,0.000000,0.000000,1.000000"
                },
                "rot": [
                  0.0,
                  0.0,
                  0.0,
                  1.0
                ],
                "scale": [
                  1.0,
                  1.0,
                  1.0
                ],
                "selectable": true,
                "uuid": 3900369638,
                "uuidPrefab": 1066636061
              },
              {
                "children": [],
                "components": [
                  {
                    "data": {
                      "objectUUID": 0,
                      "type": 1,
                      "usePos": false,
                      "useRot": false,
                      "useScale": false
                    },
                    "id": 7,
                    "name": "Constraint",
                    "uuid": 11076820534920371011
                  }
                ],
                "enabled": true,
                "id": 17,
                "name": "Coin (17)",
                "pos": [
                  20.0,
                  0.0,
                  0.0
                ],
                "propOverrides": {
                  "11272843812465326562": "1:1.000000,1.000000,1.000000",
                  "13911321452997764027": "1:0.473717,71.360283,411.771454",
                  "9467563534403475754": "0:0.000000,0.000000,0.000000,1.000000"
                },
                "rot": [
                  0.0,
                  0.0,
                  0.0,
                  1.0
                ],
                "scale": [
                  1.0,
                  1.0,
                  1.0
                ],
                "selectable": true,
                "uuid": 1440067702,
                "uuidPrefab": 1066636061
              },
              {
                "children": [],
                "components": [
                  {
                    "data": {
                      "objectUUID": 0,
                      "type": 1,
                      "usePos": false,
                      "useRot": false,
                      "useScale": false
                    },
                    "id": 7,
                    "name": "Constraint",
                    "uuid": 11076820534920371011
                  }
                ],
                "enabled": true,
                "id": 16,
                "name": "Coin (16)",
                "pos": [
                  30.0,
                  0.0,
                  0.0
                ],
                "propOverrides": {
                  "11272843812465326562": "1:1.000000,1.000000,1.000000",
                  "13911321452997764027": "1:-208.378220,71.360283,564.096802",
                  "9467563534403475754": "0:0.000000,0.000000,0.000000,1.000000"
                },
                "rot": [
                  0.0,
                  0.0,
                  0.0,
                  1.0
                ],
                "scale": [
                  1.0,
                  1.0,
                  1.0
                ],
                "selectable": true,
                "uuid": 446377432,
                "uuidPrefab": 1066636061
              },
              {
                "children": [],
                "components": [
                  {
                    "data": {
                      "objectUUID": 0,
                      "type": 1,
                      "usePos": false,
                      "useRot": false,
                      "useScale": false
                    },
                    "id": 7,
                    "name": "Constraint",
                    "uuid": 11076820534920371011
                  }
                ],
                "enabled": true,
                "id": 40,
                "name": "Coin (20)",
                "pos": [
                  30.0,
                  0.0,
                  0.0
                ],
                "propOverrides": {
                  "11272843812465326562": "1:1.000000,1.000000,1.000000",
                  "13911321452997764027": "1:-0.000000,-240.000000,560.000000",
                  "9467563534403475754": "0:0.000000,0.000000,0.000000,1.000000"
                },
                "rot": [
                  0.0,
                  0.0,
                  0.0,
                  1.0
                ],
                "scale": [
                  1.0,
                  1.0,
                  1.0
                ],
                "selectable": true,
                "uuid": 1196351667,
                "uuidPrefab": 1066636061
              },
              {
                "children": [],
                "components": [
                  {
                    "data": {
                      "objectUUID": 0,
                      "type": 1,
                      "usePos": false,
                      "useRot": false,
                      "useScale": false
                    },
                    "id": 7,
                    "name": "Constraint",
                    "uuid": 11076820534920371011
                  }
                ],
                "enabled": true,
                "id": 69,
                "name": "Coin (16)",
                "pos": [
                  30.0,
                  0.0,
                  0.0
                ],
                "propOverrides": {
                  "11272843812465326562": "1:1.000000,1.000000,1.000000",
                  "13911321452997764027": "1:204.727676,77.525131,564.096802",
                  "9467563534403475754": "0:0.000000,0.000000,0.000000,1.000000"
                },
                "rot": [
                  0.0,
                  0.0,
                  0.0,
                  1.0
                ],
                "scale": [
                  1.0,
                  1.0,
                  1.0
                ],
                "selectable": true,
                "uuid": 1988931841,
                "uuidPrefab": 1066636061
              },
              {
                "children": [],
                "components": [
                  {
                    "data": {
                      "objectUUID": 0,
                      "type": 1,
                      "usePos": false,
                      "useRot": false,
                      "useScale": false
                    },
                    "id": 7,
                    "name": "Constraint",
                    "uuid": 11076820534920371011
                  }
                ],
                "enabled": true,
                "id": 70,
                "name": "Coin (16)",
                "pos": [
                  30.0,
                  0.0,
                  0.0
                ],
                "propOverrides": {
                  "11272843812465326562": "1:1.000000,1.000000,1.000000",
                  "13911321452997764027": "1:204.727676,-79.956604,564.096802",
                  "9467563534403475754": "0:0.000000,0.000000,0.000000,1.000000"
                },
                "rot": [
                  0.0,
                  0.0,
                  0.0,
                  1.0
                ],
                "scale": [
                  1.0,
                  1.0,
                  1.0
                ],
                "selectable": true,
                "uuid": 4124915013,
                "uuidPrefab": 1066636061
              },
              {
                "children": [],
                "components": [
                  {
                    "data": {
                      "objectUUID": 0,
                      "type": 1,
                      "usePos": false,
                      "useRot": false,
                      "useScale": false
                    },
                    "id": 7,
                    "name": "Constraint",
                    "uuid": 11076820534920371011
                  }
                ],
                "enabled": true,
                "id": 71,
                "name": "Coin (16)",
                "pos": [
                  30.0,
                  0.0,
                  0.0
                ],
                "propOverrides": {
                  "11272843812465326562": "1:1.000000,1.000000,1.000000",
                  "13911321452997764027": "1:-208.378220,-81.345474,564.096802",
                  "9467563534403475754": "0:0.000000,0.000000,0.000000,1.000000"
                },
                "rot": [
                  0.0,
                  0.0,
                  0.0,
                  1.0
                ],
                "scale": [
                  1.0,
                  1.0,
                  1.0
                ],
                "selectable": true,
                "uuid": 2595267282,
                "uuidPrefab": 1066636061
              },
              {
                "children": [],
                "components": [
                  {
                    "data": {
                      "objectUUID": 0,
                      "type": 1,
                      "usePos": false,
                      "useRot": false,
                      "useScale": false
                    },
                    "id": 7,
                    "name": "Constraint",
                    "uuid": 11076820534920371011
                  }
                ],
                "enabled": true,
                "id": 72,
                "name": "Coin (19)",
                "pos": [
                  30.0,
                  0.0,
                  0.0
                ],
                "propOverrides": {
                  "11272843812465326562": "1:1.000000,1.000000,1.000000",
                  "13911321452997764027": "1:-0.425911,-78.377190,727.579285",
                  "9467563534403475754": "0:0.000000,0.000000,0.000000,1.000000"
                },
                "rot": [
                  0.0,
                  0.0,
                  0.0,
                  1.0
                ],
                "scale": [
                  1.0,
                  1.0,
                  1.0
                ],
                "selectable": true,
                "uuid": 2868184783,
                "uuidPrefab": 1066636061
              }
            ],
            "components": [
              {
                "data": {
                  "culling": false,
                  "layerIdx": 0,
                  "material": {
                    "depth": 0,
                    "env": [
                      1.0,
                      1.0,
                      1.0,
                      1.0
                    ],
                    "fresnel": 0,
                    "fresnelColor": [
                      1.0,
                      1.0,
                      1.0,
                      1.0
                    ],
                    "lighting": true,
                    "prim": [
                      1.0,
                      1.0,
                      1.0,
                      1.0
                    ],
                    "setDepth": false,
                    "setEnv": false,
                    "setFresnel": false,
                    "setLighting": false,
                    "setPrim": false
                  },
                  "meshFilter": "block00_model",
                  "model": 2790078963282814027
                },
                "id": 1,
                "name": "Model",
                "uuid": 9285043598254134544
              },
              {
                "data": {
                  "meshFilter": "block00_coll",
                  "modelUUID": 2790078963282814027
                },
                "id": 4,
                "name": "Collision-Mesh",
                "uuid": 4432304565998402894
              },
              {
                "data": {
                  "args": {
                    "speed": "0.5"
                  },
                  "script": 14223520606171785222
                },
                "id": 0,
                "name": "Code",
                "uuid": 950572236386669393
              },
              {
                "data": {
                  "halfExtend": [
                    155.0,
                    155.0,
                    155.0
                  ],
                  "offset": [
                    0.0,
                    0.0,
                    0.0
                  ],
                  "type": 1
                },
                "id": 8,
                "name": "Culling",
                "uuid": 2310040173833469337
              }
            ],
            "enabled": true,
            "id": 15,
            "name": "Rot Obj 1",
            "pos": [
              -0.4111518859863281,
              0.0,
              561.8561401367188
            ],
            "propOverrides": {},
            "rot": [
              0.0,
              0.0,
              0.0,
              1.0
            ],
            "scale": [
              2.0,
              2.0,
              2.0
            ],
            "selectable": true,
            "uuid": 1371816841,
            "uuidPrefab": 0
          }
        ],
        "components": [],
        "enabled": true,
        "id": 14,
        "name": "Void Rot / Back",
        "pos": [
          -203.84361267089844,
          34.22049331665039,
          130.26246643066406
        ],
        "propOverrides": {
          "11272843812465326562": "1:2.560000,2.560000,2.560000",
          "13911321452997764027": "1:0.000000,20.000000,340.000000",
          "15615708542372730715": "9:8",
          "9467563534403475754": "0:0.000000,0.000000,0.000000,1.000000"
        },
        "rot": [
          0.0,
          0.0,
          0.0,
          1.0
        ],
        "scale": [
          2.0,
          2.0,
          2.0
        ],
        "selectable": true,
        "uuid": 1140453364,
        "uuidPrefab": 3258852297
      },
      {
        "children": [
          {
            "children": [],
            "components": [],
            "enabled": true,
            "id": 21,
            "name": "Goal",
            "pos": [
              -60.0,
              0.0,
              300.0
            ],
            "propOverrides": {
              "11272843812465326562": "1:1.000000,1.000000,1.000000",
              "13911321452997764027": "1:0.000000,219.679398,-765.246582",
              "15633872700192334618": "9:0",
              "847835718806442552": "9:8",
              "9467563534403475754": "0:0.000000,0.000000,0.000000,1.000000"
            },
            "rot": [
              0.0,
              0.0,
              0.0,
              1.0
            ],
            "scale": [
              1.0,
              1.0,
              1.0
            ],
            "selectable": true,
            "uuid": 2530474639,
            "uuidPrefab": 1245864117
          }
        ],
        "components": [],
        "enabled": true,
        "id": 53,
        "name": "Void Goal",
        "pos": [
          -203.84361267089844,
          34.22049331665039,
          130.26246643066406
        ],
        "propOverrides": {
          "11272843812465326562": "1:4.040000,4.040000,4.040000",
          "13911321452997764027": "1:-0.000000,270.000000,-760.000000",
          "15615708542372730715": "9:25",
          "9467563534403475754": "0:0.000000,0.000000,0.000000,1.000000"
        },
        "rot": [
          0.0,
          0.0,
          0.0,
          1.0
        ],
        "scale": [
          2.0,
          2.0,
          2.0
        ],
        "selectable": true,
        "uuid": 1308923978,
        "uuidPrefab": 3258852297
      }
    ],
    "components": [],
    "enabled": true,
    "id": 0,
    "name": "Scene",
    "pos": [
      0.0,
      0.0,
      0.0
    ],
    "propOverrides": {},
    "rot": [
      0.0,
      0.0,
      0.0,
      0.0
    ],
    "scale": [
      0.0,
      0.0,
      0.0
    ],
    "selectable": true,
    "uuid": 4252910706,
    "uuidPrefab": 0
  }
}