{
  "conf": {
    "clearColor": [
      0.6636924147605896,
      0.643470287322998,
      0.8225806355476379,
      1.0
    ],
    "doClearColor": false,
    "doClearDepth": false,
    "fbFormat": 0,
    "fbHeight": 240,
    "fbWidth": 320,
    "filter": 1,
    "frameLimit": 0,
    "layers2D": [
      {
        "blender": 0,
        "depthCompare": false,
        "depthWrite": false,
        "fog": false,
        "fogColor": [
          0.0,
          0.0,
          0.0,
          0.0
        ],
        "fogColorMode": 0,
        "fogMax": 0.0,
        "fogMin": 0.0,
        "name": "2D"
      }
    ],
    "layers3D": [
      {
        "blender": 0,
        "depthCompare": true,
        "depthWrite": true,
        "fog": false,
        "fogColor": [
          0.0,
          0.0,
          0.0,
          0.0
        ],
        "fogColorMode": 0,
        "fogMax": 0.0,
        "fogMin": 0.0,
        "name": "3D Opaque"
      },
      {
        "blender": 0,
        "depthCompare": true,
        "depthWrite": true,
        "fog": false,
        "fogColor": [
          0.0,
          0.0,
          0.0,
          0.0
        ],
        "fogColorMode": 0,
        "fogMax": 0.0,
        "fogMin": 0.0,
        "name": "3D Regular"
      },
      {
        "blender": 5242944,
        "depthCompare": true,
        "depthWrite": false,
        "fog": false,
        "fogColor": [
          0.0,
          0.0,
          0.0,
          0.0
        ],
        "fogColorMode": 0,
        "fogMax": 0.0,
        "fogMin": 0.0,
        "name": "3D Transp"
      }
    ],
    "layersPtx": [
      {
        "blender": 0,
        "depthCompare": true,
        "depthWrite": true,
        "fog": false,
        "fogColor": [
          0.0,
          0.0,
          0.0,
          0.0
        ],
        "fogColorMode": 0,
        "fogMax": 0.0,
        "fogMin": 0.0,
        "name": "Particles"
      }
    ],
    "name": "Map-Ending",
    "renderPipeline": 2
  },
  "graph": {
    "children": [
      {
        "children": [],
        "components": [
          {
            "data": {
              "audioUUID": 12762515812550342741,
              "autoPlay": true,
              "loop": true,
              "volume": 0.6000000238418579
            },
            "id": 6,
            "name": "Audio (2D)",
            "uuid": 8465491698681920311
          }
        ],
        "enabled": true,
        "id": 3,
        "name": "Title-Card",
        "pos": [
          -223.67893981933594,
          214.938720703125,
          -97.22168731689453
        ],
        "propOverrides": {
          "11272843812465326562": "1:1.000000,1.000000,1.000000",
          "13911321452997764027": "1:760.056519,47.075111,-496.431976",
          "17807472640229936847": "9:The End",
          "9467563534403475754": "0:0.000000,0.000000,0.000000,1.000000"
        },
        "rot": [
          0.0,
          0.0,
          0.0,
          1.0
        ],
        "scale": [
          1.0,
          1.0,
          1.0
        ],
        "selectable": true,
        "uuid": 948414680,
        "uuidPrefab": 2150773366
      },
      {
        "children": [],
        "components": [],
        "enabled": true,
        "id": 4,
        "name": "PlayerCam (3)",
        "pos": [
          13.82022476196289,
          79.23812866210938,
          231.6162567138672
        ],
        "propOverrides": {
          "11272843812465326562": "1:1.000000,1.000000,1.000000",
          "13911321452997764027": "1:-6.179775,79.238129,231.616257",
          "9467563534403475754": "0:0.000000,0.000000,0.000000,1.000000"
        },
        "rot": [
          0.0,
          0.0,
          0.0,
          1.0
        ],
        "scale": [
          1.0,
          1.0,
          1.0
        ],
        "selectable": true,
        "uuid": 203456916,
        "uuidPrefab": 3582011595
      },
      {
        "children": [],
        "components": [
          {
            "data": {
              "culling": false,
              "layerIdx": 0,
              "material": {
                "depth": 0,
                "env": [
                  1.0,
                  1.0,
                  1.0,
                  1.0
                ],
                "fresnel": 0,
                "fresnelColor": [
                  1.0,
                  1.0,
                  1.0,
                  1.0
                ],
                "lighting": true,
                "prim": [
                  1.0,
                  1.0,
                  1.0,
                  1.0
                ],
                "setDepth": true,
                "setEnv": false,
                "setFresnel": false,
                "setLighting": false,
                "setPrim": false
              },
              "meshFilter": "",
              "model": 3490146552000525650
            },
            "id": 1,
            "name": "Model",
            "uuid": 16741971196228245872
          },
          {
            "data": {
              "objectUUID": 968157184,
              "type": 2,
              "usePos": true,
              "useRot": false,
              "useScale": false
            },
            "id": 7,
            "name": "Constraint",
            "uuid": 16655039922200722144
          },
          {
            "data": {
              "args": {
                "speed": "0"
              },
              "script": 14223520606171785222
            },
            "id": 0,
            "name": "Code",
            "uuid": 8563193159995289832
          }
        ],
        "enabled": true,
        "id": 1,
        "name": "Skybox",
        "pos": [
          -997.7451171875,
          0.0008925491711124778,
          745.1507568359375
        ],
        "propOverrides": {},
        "rot": [
          0.25430727005004883,
          0.22658279538154602,
          -0.07428736239671707,
          0.937267005443573
        ],
        "scale": [
          0.9999991059303284,
          0.9999995231628418,
          0.9999998211860657
        ],
        "selectable": true,
        "uuid": 3425158201,
        "uuidPrefab": 0
      },
      {
        "children": [],
        "components": [],
        "enabled": true,
        "id": 5,
        "name": "Player (5)",
        "pos": [
          0.0,
          0.0,
          194.30795288085938
        ],
        "propOverrides": {
          "11272843812465326562": "1:1.000000,1.000000,1.000000",
          "13911321452997764027": "1:-134.934265,564.143494,1308.963989",
          "7200965681239266306": "6:1",
          "9467563534403475754": "0:0.000000,0.000000,0.000000,1.000000"
        },
        "rot": [
          0.0,
          0.0,
          0.0,
          1.0
        ],
        "scale": [
          1.0,
          1.0,
          1.0
        ],
        "selectable": true,
        "uuid": 1158076585,
        "uuidPrefab": 3372488998
      },
      {
        "children": [
          {
            "children": [
              {
                "children": [],
                "components": [],
                "enabled": true,
                "id": 7,
                "name": "Coin (7)",
                "pos": [
                  0.0,
                  0.0,
                  0.0
                ],
                "propOverrides": {
                  "11272843812465326562": "1:1.000000,1.000000,1.000000",
                  "13911321452997764027": "1:-90.000000,660.000000,450.000000",
                  "9467563534403475754": "0:0.000000,0.000000,0.000000,1.000000"
                },
                "rot": [
                  0.0,
                  0.0,
                  0.0,
                  1.0
                ],
                "scale": [
                  1.0,
                  1.0,
                  1.0
                ],
                "selectable": true,
                "uuid": 4010620520,
                "uuidPrefab": 1066636061
              },
              {
                "children": [],
                "components": [],
                "enabled": true,
                "id": 8,
                "name": "Coin (7)",
                "pos": [
                  0.0,
                  0.0,
                  0.0
                ],
                "propOverrides": {
                  "11272843812465326562": "1:1.000000,1.000000,1.000000",
                  "13911321452997764027": "1:-221.167252,627.340332,430.995819",
                  "9467563534403475754": "0:0.000000,0.000000,0.000000,1.000000"
                },
                "rot": [
                  0.0,
                  0.0,
                  0.0,
                  1.0
                ],
                "scale": [
                  1.0,
                  1.0,
                  1.0
                ],
                "selectable": true,
                "uuid": 460570698,
                "uuidPrefab": 1066636061
              },
              {
                "children": [],
                "components": [],
                "enabled": true,
                "id": 9,
                "name": "Coin (7)",
                "pos": [
                  0.0,
                  0.0,
                  0.0
                ],
                "propOverrides": {
                  "11272843812465326562": "1:1.000000,1.000000,1.000000",
                  "13911321452997764027": "1:-114.469101,581.804565,633.834839",
                  "9467563534403475754": "0:0.000000,0.000000,0.000000,1.000000"
                },
                "rot": [
                  0.0,
                  0.0,
                  0.0,
                  1.0
                ],
                "scale": [
                  1.0,
                  1.0,
                  1.0
                ],
                "selectable": true,
                "uuid": 1858679605,
                "uuidPrefab": 1066636061
              },
              {
                "children": [],
                "components": [],
                "enabled": true,
                "id": 10,
                "name": "Coin (7)",
                "pos": [
                  0.0,
                  0.0,
                  0.0
                ],
                "propOverrides": {
                  "11272843812465326562": "1:1.000000,1.000000,1.000000",
                  "13911321452997764027": "1:-219.289413,556.409485,608.196411",
                  "9467563534403475754": "0:0.000000,0.000000,0.000000,1.000000"
                },
                "rot": [
                  0.0,
                  0.0,
                  0.0,
                  1.0
                ],
                "scale": [
                  1.0,
                  1.0,
                  1.0
                ],
                "selectable": true,
                "uuid": 920754566,
                "uuidPrefab": 1066636061
              },
              {
                "children": [],
                "components": [],
                "enabled": true,
                "id": 11,
                "name": "Coin (7)",
                "pos": [
                  0.0,
                  0.0,
                  0.0
                ],
                "propOverrides": {
                  "11272843812465326562": "1:1.000000,1.000000,1.000000",
                  "13911321452997764027": "1:-169.120361,580.670288,646.222168",
                  "9467563534403475754": "0:0.000000,0.000000,0.000000,1.000000"
                },
                "rot": [
                  0.0,
                  0.0,
                  0.0,
                  1.0
                ],
                "scale": [
                  1.0,
                  1.0,
                  1.0
                ],
                "selectable": true,
                "uuid": 1738661851,
                "uuidPrefab": 1066636061
              }
            ],
            "components": [
              {
                "data": {
                  "culling": false,
                  "layerIdx": 0,
                  "material": {
                    "depth": 0,
                    "env": [
                      1.0,
                      1.0,
                      1.0,
                      1.0
                    ],
                    "fresnel": 0,
                    "fresnelColor": [
                      1.0,
                      1.0,
                      1.0,
                      1.0
                    ],
                    "lighting": true,
                    "prim": [
                      1.0,
                      1.0,
                      1.0,
                      1.0
                    ],
                    "setDepth": false,
                    "setEnv": false,
                    "setFresnel": false,
                    "setLighting": false,
                    "setPrim": false
                  },
                  "meshFilter": "",
                  "model": 6985508143550202785
                },
                "id": 1,
                "name": "Model",
                "uuid": 11198798950600696496
              },
              {
                "data": {
                  "meshFilter": "",
                  "modelUUID": 6985508143550202785
                },
                "id": 4,
                "name": "Collision-Mesh",
                "uuid": 13842518856035766855
              },
              {
                "data": {
                  "halfExtend": [
                    160.0,
                    160.0,
                    160.0
                  ],
                  "offset": [
                    0.0,
                    0.0,
                    0.0
                  ],
                  "type": 1
                },
                "id": 8,
                "name": "Culling",
                "uuid": 17261034214634616857
              }
            ],
            "enabled": true,
            "id": 2,
            "name": "Head",
            "pos": [
              -120.39704895019531,
              467.1178283691406,
              389.09710693359375
            ],
            "propOverrides": {},
            "rot": [
              -0.5168335437774658,
              -0.11376813799142838,
              0.010002261027693748,
              0.8484337329864502
            ],
            "scale": [
              2.500981330871582,
              2.500980854034424,
              2.5009756088256836
            ],
            "selectable": true,
            "uuid": 1492100601,
            "uuidPrefab": 0
          },
          {
            "children": [
              {
                "children": [],
                "components": [],
                "enabled": true,
                "id": 15,
                "name": "Coin (7)",
                "pos": [
                  0.0,
                  0.0,
                  0.0
                ],
                "propOverrides": {
                  "11272843812465326562": "1:1.000000,1.000000,1.000000",
                  "13911321452997764027": "1:246.745514,-41.263794,-328.095947",
                  "9467563534403475754": "0:0.000000,0.000000,0.000000,1.000000"
                },
                "rot": [
                  0.0,
                  0.0,
                  0.0,
                  1.0
                ],
                "scale": [
                  1.0,
                  1.0,
                  1.0
                ],
                "selectable": true,
                "uuid": 1174562639,
                "uuidPrefab": 1066636061
              },
              {
                "children": [],
                "components": [],
                "enabled": true,
                "id": 16,
                "name": "Coin (7)",
                "pos": [
                  0.0,
                  0.0,
                  0.0
                ],
                "propOverrides": {
                  "11272843812465326562": "1:1.000000,1.000000,1.000000",
                  "13911321452997764027": "1:-118.484085,-41.265503,-325.855530",
                  "9467563534403475754": "0:0.000000,0.000000,0.000000,1.000000"
                },
                "rot": [
                  0.0,
                  0.0,
                  0.0,
                  1.0
                ],
                "scale": [
                  1.0,
                  1.0,
                  1.0
                ],
                "selectable": true,
                "uuid": 2949101134,
                "uuidPrefab": 1066636061
              },
              {
                "children": [],
                "components": [],
                "enabled": true,
                "id": 17,
                "name": "Coin (7)",
                "pos": [
                  0.0,
                  0.0,
                  0.0
                ],
                "propOverrides": {
                  "11272843812465326562": "1:1.000000,1.000000,1.000000",
                  "13911321452997764027": "1:61.840748,-41.266998,-149.916382",
                  "9467563534403475754": "0:0.000000,0.000000,0.000000,1.000000"
                },
                "rot": [
                  0.0,
                  0.0,
                  0.0,
                  1.0
                ],
                "scale": [
                  1.0,
                  1.0,
                  1.0
                ],
                "selectable": true,
                "uuid": 268725233,
                "uuidPrefab": 1066636061
              },
              {
                "children": [],
                "components": [],
                "enabled": true,
                "id": 18,
                "name": "Coin (7)",
                "pos": [
                  0.0,
                  0.0,
                  0.0
                ],
                "propOverrides": {
                  "11272843812465326562": "1:1.000000,1.000000,1.000000",
                  "13911321452997764027": "1:61.840748,-41.267456,-509.631165",
                  "9467563534403475754": "0:0.000000,0.000000,0.000000,1.000000"
                },
                "rot": [
                  0.0,
                  0.0,
                  0.0,
                  1.0
                ],
                "scale": [
                  1.0,
                  1.0,
                  1.0
                ],
                "selectable": true,
                "uuid": 2188460866,
                "uuidPrefab": 1066636061
              }
            ],
            "components": [
              {
                "data": {
                  "culling": false,
                  "layerIdx": 0,
                  "material": {
                    "depth": 0,
                    "env": [
                      1.0,
                      1.0,
                      1.0,
                      1.0
                    ],
                    "fresnel": 0,
                    "fresnelColor": [
                      1.0,
                      1.0,
                      1.0,
                      1.0
                    ],
                    "lighting": true,
                    "prim": [
                      1.0,
                      1.0,
                      1.0,
                      1.0
                    ],
                    "setDepth": false,
                    "setEnv": false,
                    "setFresnel": false,
                    "setLighting": false,
                    "setPrim": false
                  },
                  "meshFilter": "",
                  "model": 15813250936274457379
                },
                "id": 1,
                "name": "Model",
                "uuid": 11198798950600696496
              },
              {
                "data": {
                  "meshFilter": "",
                  "modelUUID": 15813250936274457379
                },
                "id": 4,
                "name": "Collision-Mesh",
                "uuid": 13842518856035766855
              },
              {
                "data": {
                  "halfExtend": [
                    142.0,
                    142.0,
                    142.0
                  ],
                  "offset": [
                    0.0,
                    0.0,
                    0.0
                  ],
                  "type": 1
                },
                "id": 8,
                "name": "Culling",
                "uuid": 17261034214634616857
              }
            ],
            "enabled": true,
            "id": 13,
            "name": "Planet",
            "pos": [
              63.92070007324219,
              -513.915771484375,
              -327.0711669921875
            ],
            "propOverrides": {},
            "rot": [
              -0.13391973078250885,
              0.0,
              0.0,
              0.9909921884536743
            ],
            "scale": [
              3.6600000858306885,
              3.6599996089935303,
              3.6599996089935303
            ],
            "selectable": true,
            "uuid": 3429107155,
            "uuidPrefab": 0
          }
        ],
        "components": [],
        "enabled": true,
        "id": 12,
        "name": "Map",
        "pos": [
          0.0,
          0.0,
          0.0
        ],
        "propOverrides": {},
        "rot": [
          1.0,
          0.0,
          0.0,
          0.0
        ],
        "scale": [
          1.0,
          1.0,
          1.0
        ],
        "selectable": true,
        "uuid": 1356682617,
        "uuidPrefab": 0
      },
      {
        "children": [],
        "components": [
          {
            "data": {
              "color": [
                1.0,
                1.0,
                1.0,
                1.0
              ],
              "index": 0,
              "type": 0
            },
            "id": 2,
            "name": "Light",
            "uuid": 8882959064506387074
          }
        ],
        "enabled": true,
        "id": 6,
        "name": "Lighting",
        "pos": [
          56.64409637451172,
          337.5754699707031,
          0.0
        ],
        "propOverrides": {},
        "rot": [
          1.0,
          0.0,
          0.0,
          0.0
        ],
        "scale": [
          1.0,
          1.0,
          1.0
        ],
        "selectable": true,
        "uuid": 846511699,
        "uuidPrefab": 0
      },
      {
        "children": [],
        "components": [
          {
            "data": {
              "culling": false,
              "layerIdx": 0,
              "material": {
                "depth": 0,
                "env": [
                  0.0,
                  0.0,
                  0.0,
                  0.0
                ],
                "fresnel": 0,
                "fresnelColor": [
                  0.0,
                  0.0,
                  0.0,
                  0.0
                ],
                "lighting": false,
                "prim": [
                  0.0,
                  0.0,
                  0.0,
                  0.0
                ],
                "setDepth": false,
                "setEnv": false,
                "setFresnel": false,
                "setLighting": false,
                "setPrim": false
              },
              "meshFilter": "",
              "model": 18042696417486669443
            },
            "id": 1,
            "name": "Model (Static)",
            "uuid": 11788064121048422771
          },
          {
            "data": {
              "meshFilter": "",
              "modelUUID": 18042696417486669443
            },
            "id": 4,
            "name": "Collision-Mesh",
            "uuid": 1235937979456417382
          },
          {
            "data": {
              "halfExtend": [
                70.0,
                40.0,
                70.0
              ],
              "offset": [
                0.0,
                0.0,
                0.0
              ],
              "type": 0
            },
            "id": 8,
            "name": "Culling",
            "uuid": 17363163816951534887
          },
          {
            "data": {
              "args": {
                "axisX": "0",
                "axisY": "1",
                "axisZ": "0",
                "radius": "1",
                "speed": "0.3",
                "texExpPack": "13383390974258263293",
                "type": "0"
              },
              "script": 14292327376580313433
            },
            "id": 0,
            "name": "Code",
            "uuid": 4911463137627156787
          }
        ],
        "enabled": true,
        "id": 19,
        "name": "platform",
        "pos": [
          -150.0,
          470.0,
          911.4417724609375
        ],
        "propOverrides": {},
        "rot": [
          0.0,
          0.0,
          0.0,
          1.0
        ],
        "scale": [
          2.0,
          2.0,
          2.0
        ],
        "selectable": true,
        "uuid": 2277669974,
        "uuidPrefab": 0
      },
      {
        "children": [],
        "components": [
          {
            "data": {
              "culling": false,
              "layerIdx": 0,
              "material": {
                "depth": 0,
                "env": [
                  0.0,
                  0.0,
                  0.0,
                  0.0
                ],
                "fresnel": 0,
                "fresnelColor": [
                  0.0,
                  0.0,
                  0.0,
                  0.0
                ],
                "lighting": false,
                "prim": [
                  0.0,
                  0.0,
                  0.0,
                  0.0
                ],
                "setDepth": false,
                "setEnv": false,
                "setFresnel": false,
                "setLighting": false,
                "setPrim": false
              },
              "meshFilter": "",
              "model": 18042696417486669443
            },
            "id": 1,
            "name": "Model (Static)",
            "uuid": 11788064121048422771
          },
          {
            "data": {
              "meshFilter": "",
              "modelUUID": 18042696417486669443
            },
            "id": 4,
            "name": "Collision-Mesh",
            "uuid": 1235937979456417382
          },
          {
            "data": {
              "halfExtend": [
                70.0,
                40.0,
                70.0
              ],
              "offset": [
                0.0,
                0.0,
                0.0
              ],
              "type": 0
            },
            "id": 8,
            "name": "Culling",
            "uuid": 17363163816951534887
          }
        ],
        "enabled": true,
        "id": 14,
        "name": "platform",
        "pos": [
          -150.0,
          470.0,
          1239.462890625
        ],
        "propOverrides": {},
        "rot": [
          0.0,
          0.0,
          0.0,
          1.0
        ],
        "scale": [
          2.0,
          2.0,
          2.0
        ],
        "selectable": true,
        "uuid": 1226528532,
        "uuidPrefab": 0
      },
      {
        "children": [],
        "components": [
          {
            "data": {
              "culling": false,
              "layerIdx": 0,
              "material": {
                "depth": 0,
                "env": [
                  0.0,
                  0.0,
                  0.0,
                  0.0
                ],
                "fresnel": 0,
                "fresnelColor": [
                  0.0,
                  0.0,
                  0.0,
                  0.0
                ],
                "lighting": false,
                "prim": [
                  0.0,
                  0.0,
                  0.0,
                  0.0
                ],
                "setDepth": false,
                "setEnv": false,
                "setFresnel": false,
                "setLighting": false,
                "setPrim": false
              },
              "meshFilter": "",
              "model": 18042696417486669443
            },
            "id": 1,
            "name": "Model (Static)",
            "uuid": 11788064121048422771
          },
          {
            "data": {
              "meshFilter": "",
              "modelUUID": 18042696417486669443
            },
            "id": 4,
            "name": "Collision-Mesh",
            "uuid": 1235937979456417382
          },
          {
            "data": {
              "halfExtend": [
                70.0,
                40.0,
                70.0
              ],
              "offset": [
                0.0,
                0.0,
                0.0
              ],
              "type": 0
            },
            "id": 8,
            "name": "Culling",
            "uuid": 17363163816951534887
          }
        ],
        "enabled": true,
        "id": 20,
        "name": "platform",
        "pos": [
          102.04335021972656,
          623.9027099609375,
          1239.462890625
        ],
        "propOverrides": {},
        "rot": [
          0.0,
          0.0,
          0.0,
          1.0
        ],
        "scale": [
          1.9999969005584717,
          2.0,
          1.9999969005584717
        ],
        "selectable": true,
        "uuid": 3416091359,
        "uuidPrefab": 0
      },
      {
        "children": [],
        "components": [
          {
            "data": {
              "culling": false,
              "layerIdx": 0,
              "material": {
                "depth": 0,
                "env": [
                  0.0,
                  0.0,
                  0.0,
                  0.0
                ],
                "fresnel": 0,
                "fresnelColor": [
                  0.0,
                  0.0,
                  0.0,
                  0.0
                ],
                "lighting": false,
                "prim": [
                  0.0,
                  0.0,
                  0.0,
                  0.0
                ],
                "setDepth": false,
                "setEnv": false,
                "setFresnel": false,
                "setLighting": false,
                "setPrim": false
              },
              "meshFilter": "",
              "model": 18042696417486669443
            },
            "id": 1,
            "name": "Model (Static)",
            "uuid": 11788064121048422771
          },
          {
            "data": {
              "meshFilter": "",
              "modelUUID": 18042696417486669443
            },
            "id": 4,
            "name": "Collision-Mesh",
            "uuid": 1235937979456417382
          },
          {
            "data": {
              "halfExtend": [
                70.0,
                40.0,
                70.0
              ],
              "offset": [
                0.0,
                0.0,
                0.0
              ],
              "type": 0
            },
            "id": 8,
            "name": "Culling",
            "uuid": 17363163816951534887
          }
        ],
        "enabled": true,
        "id": 21,
        "name": "platform",
        "pos": [
          -398.0242004394531,
          623.9027099609375,
          1239.462890625
        ],
        "propOverrides": {},
        "rot": [
          0.0,
          0.0,
          0.0,
          1.0
        ],
        "scale": [
          2.0,
          2.0,
          2.0
        ],
        "selectable": true,
        "uuid": 3315787847,
        "uuidPrefab": 0
      },
      {
        "children": [],
        "components": [
          {
            "data": {
              "objectUUID": 0,
              "type": 1,
              "usePos": false,
              "useRot": false,
              "useScale": false
            },
            "id": 7,
            "name": "Constraint",
            "uuid": 3108750106166706759
          }
        ],
        "enabled": true,
        "id": 22,
        "name": "Goal (22)",
        "pos": [
          -60.0,
          0.0,
          300.0
        ],
        "propOverrides": {
          "11272843812465326562": "1:1.000000,1.000000,1.000000",
          "13911321452997764027": "1:60.000000,-30.000000,-330.000000",
          "15633872700192334618": "9:1",
          "847835718806442552": "9:5",
          "9467563534403475754": "0:0.000000,0.000000,0.000000,1.000000"
        },
        "rot": [
          0.0,
          0.0,
          0.0,
          1.0
        ],
        "scale": [
          1.0,
          1.0,
          1.0
        ],
        "selectable": true,
        "uuid": 4035683436,
        "uuidPrefab": 1245864117
      },
      {
        "children": [],
        "components": [],
        "enabled": true,
        "id": 23,
        "name": "Coin (23)",
        "pos": [
          0.0,
          0.0,
          0.0
        ],
        "propOverrides": {
          "11272843812465326562": "1:1.000000,1.000000,1.000000",
          "13911321452997764027": "1:-80.000000,672.320740,-200.000000",
          "14002388133320080928": "9:1",
          "9467563534403475754": "0:0.000000,0.000000,0.000000,1.000000"
        },
        "rot": [
          0.0,
          0.0,
          0.0,
          1.0
        ],
        "scale": [
          1.0,
          1.0,
          1.0
        ],
        "selectable": true,
        "uuid": 3576238567,
        "uuidPrefab": 1066636061
      },
      {
        "children": [],
        "components": [],
        "enabled": true,
        "id": 24,
        "name": "Coin (23)",
        "pos": [
          0.0,
          0.0,
          0.0
        ],
        "propOverrides": {
          "11272843812465326562": "1:1.000000,1.000000,1.000000",
          "13911321452997764027": "1:-80.000000,773.268433,-200.000000",
          "14002388133320080928": "9:1",
          "9467563534403475754": "0:0.000000,0.000000,0.000000,1.000000"
        },
        "rot": [
          0.0,
          0.0,
          0.0,
          1.0
        ],
        "scale": [
          1.0,
          1.0,
          1.0
        ],
        "selectable": true,
        "uuid": 687630856,
        "uuidPrefab": 1066636061
      },
      {
        "children": [],
        "components": [],
        "enabled": true,
        "id": 25,
        "name": "Coin (23)",
        "pos": [
          0.0,
          0.0,
          0.0
        ],
        "propOverrides": {
          "11272843812465326562": "1:1.000000,1.000000,1.000000",
          "13911321452997764027": "1:-80.000000,722.007690,-200.000000",
          "14002388133320080928": "9:1",
          "9467563534403475754": "0:0.000000,0.000000,0.000000,1.000000"
        },
        "rot": [
          0.0,
          0.0,
          0.0,
          1.0
        ],
        "scale": [
          1.0,
          1.0,
          1.0
        ],
        "selectable": true,
        "uuid": 3842919695,
        "uuidPrefab": 1066636061
      },
      {
        "children": [],
        "components": [],
        "enabled": true,
        "id": 26,
        "name": "Coin (23)",
        "pos": [
          0.0,
          0.0,
          0.0
        ],
        "propOverrides": {
          "11272843812465326562": "1:1.000000,1.000000,1.000000",
          "13911321452997764027": "1:-80.000000,825.715820,-200.000000",
          "14002388133320080928": "9:1",
          "9467563534403475754": "0:0.000000,0.000000,0.000000,1.000000"
        },
        "rot": [
          0.0,
          0.0,
          0.0,
          1.0
        ],
        "scale": [
          1.0,
          1.0,
          1.0
        ],
        "selectable": true,
        "uuid": 3348993896,
        "uuidPrefab": 1066636061
      },
      {
        "children": [],
        "components": [],
        "enabled": true,
        "id": 27,
        "name": "Coin (23)",
        "pos": [
          0.0,
          0.0,
          0.0
        ],
        "propOverrides": {
          "11272843812465326562": "1:1.000000,1.000000,1.000000",
          "13911321452997764027": "1:-80.000000,613.452576,-200.000000",
          "14002388133320080928": "9:1",
          "9467563534403475754": "0:0.000000,0.000000,0.000000,1.000000"
        },
        "rot": [
          0.0,
          0.0,
          0.0,
          1.0
        ],
        "scale": [
          1.0,
          1.0,
          1.0
        ],
        "selectable": true,
        "uuid": 1292081005,
        "uuidPrefab": 1066636061
      },
      {
        "children": [],
        "components": [],
        "enabled": true,
        "id": 28,
        "name": "Coin (23)",
        "pos": [
          0.0,
          0.0,
          0.0
        ],
        "propOverrides": {
          "11272843812465326562": "1:1.000000,1.000000,1.000000",
          "13911321452997764027": "1:-36.841400,657.583069,-200.000000",
          "14002388133320080928": "9:1",
          "9467563534403475754": "0:0.000000,0.000000,0.000000,1.000000"
        },
        "rot": [
          0.0,
          0.0,
          0.0,
          1.0
        ],
        "scale": [
          1.0,
          1.0,
          1.0
        ],
        "selectable": true,
        "uuid": 3675991351,
        "uuidPrefab": 1066636061
      },
      {
        "children": [],
        "components": [],
        "enabled": true,
        "id": 29,
        "name": "Coin (23)",
        "pos": [
          0.0,
          0.0,
          0.0
        ],
        "propOverrides": {
          "11272843812465326562": "1:1.000000,1.000000,1.000000",
          "13911321452997764027": "1:3.268608,698.538208,-200.000000",
          "14002388133320080928": "9:1",
          "9467563534403475754": "0:0.000000,0.000000,0.000000,1.000000"
        },
        "rot": [
          0.0,
          0.0,
          0.0,
          1.0
        ],
        "scale": [
          1.0,
          1.0,
          1.0
        ],
        "selectable": true,
        "uuid": 3540525000,
        "uuidPrefab": 1066636061
      },
      {
        "children": [],
        "components": [],
        "enabled": true,
        "id": 30,
        "name": "Coin (23)",
        "pos": [
          0.0,
          0.0,
          0.0
        ],
        "propOverrides": {
          "11272843812465326562": "1:1.000000,1.000000,1.000000",
          "13911321452997764027": "1:-129.537537,653.174500,-200.000000",
          "14002388133320080928": "9:1",
          "9467563534403475754": "0:0.000000,0.000000,0.000000,1.000000"
        },
        "rot": [
          0.0,
          0.0,
          0.0,
          1.0
        ],
        "scale": [
          1.0,
          1.0,
          1.0
        ],
        "selectable": true,
        "uuid": 2048461526,
        "uuidPrefab": 1066636061
      },
      {
        "children": [],
        "components": [],
        "enabled": true,
        "id": 31,
        "name": "Coin (23)",
        "pos": [
          0.0,
          0.0,
          0.0
        ],
        "propOverrides": {
          "11272843812465326562": "1:1.000000,1.000000,1.000000",
          "13911321452997764027": "1:-168.633514,693.726013,-200.000000",
          "14002388133320080928": "9:1",
          "9467563534403475754": "0:0.000000,0.000000,0.000000,1.000000"
        },
        "rot": [
          0.0,
          0.0,
          0.0,
          1.0
        ],
        "scale": [
          1.0,
          1.0,
          1.0
        ],
        "selectable": true,
        "uuid": 4029935290,
        "uuidPrefab": 1066636061
      }
    ],
    "components": [],
    "enabled": true,
    "id": 0,
    "name": "Scene",
    "pos": [
      0.0,
      0.0,
      0.0
    ],
    "propOverrides": {},
    "rot": [
      0.0,
      0.0,
      0.0,
      0.0
    ],
    "scale": [
      0.0,
      0.0,
      0.0
    ],
    "selectable": true,
    "uuid": 4252910706,
    "uuidPrefab": 0
  }
}