{
  "conf": {
    "clearColor": [
      0.10080647468566895,
      0.10080647468566895,
      0.10080647468566895,
      1.0
    ],
    "doClearColor": true,
    "doClearDepth": false,
    "fbFormat": 1,
    "fbHeight": 240,
    "fbWidth": 320,
    "filter": 1,
    "frameLimit": 0,
    "layers2D": [
      {
        "blender": 0,
        "depthCompare": false,
        "depthWrite": false,
        "fog": false,
        "fogColor": [
          0.0,
          0.0,
          0.0,
          0.0
        ],
        "fogColorMode": 0,
        "fogMax": 0.0,
        "fogMin": 0.0,
        "name": "2D"
      }
    ],
    "layers3D": [
      {
        "blender": 0,
        "depthCompare": true,
        "depthWrite": true,
        "fog": false,
        "fogColor": [
          0.0,
          0.0,
          0.0,
          0.0
        ],
        "fogColorMode": 0,
        "fogMax": 0.0,
        "fogMin": 0.0,
        "name": "3D Opaque"
      },
      {
        "blender": 5242944,
        "depthCompare": true,
        "depthWrite": false,
        "fog": false,
        "fogColor": [
          0.0,
          0.0,
          0.0,
          0.0
        ],
        "fogColorMode": 0,
        "fogMax": 0.0,
        "fogMin": 0.0,
        "name": "3D Transp."
      }
    ],
    "layersPtx": [
      {
        "blender": 0,
        "depthCompare": true,
        "depthWrite": true,
        "fog": false,
        "fogColor": [
          0.0,
          0.0,
          0.0,
          0.0
        ],
        "fogColorMode": 0,
        "fogMax": 0.0,
        "fogMin": 0.0,
        "name": "PTX Opaque"
      }
    ],
    "name": "Credits",
    "renderPipeline": 0
  },
  "graph": {
    "children": [
      {
        "children": [],
        "components": [
          {
            "data": {
              "aspect": 0.0,
              "far": 1000.0,
              "fov": 1.3089969158172607,
              "near": 10.0,
              "vpOffset": [
                0,
                0
              ],
              "vpSize": [
                320,
                240
              ]
            },
            "id": 3,
            "name": "Camera",
            "uuid": 8503290490576442323
          },
          {
            "data": {
              "audioUUID": 15196030245635287156,
              "autoPlay": true,
              "loop": true,
              "volume": 0.4000000059604645
            },
            "id": 6,
            "name": "Audio (2D)",
            "uuid": 2196416079767614446
          }
        ],
        "enabled": true,
        "id": 1,
        "name": "Camera",
        "pos": [
          -218.82022094726563,
          150.6666259765625,
          -0.0004587165603879839
        ],
        "propOverrides": {},
        "rot": [
          0.0,
          0.0,
          0.0,
          1.0
        ],
        "scale": [
          1.0,
          1.0,
          1.0
        ],
        "selectable": true,
        "uuid": 1765984244,
        "uuidPrefab": 0
      },
      {
        "children": [],
        "components": [
          {
            "data": {
              "args": {},
              "script": 13910472535175673591
            },
            "id": 0,
            "name": "Code",
            "uuid": 8851892664283244971
          }
        ],
        "enabled": true,
        "id": 3,
        "name": "Credits",
        "pos": [
          0.0,
          0.0,
          0.0
        ],
        "propOverrides": {},
        "rot": [
          0.0,
          0.0,
          0.0,
          1.0
        ],
        "scale": [
          1.0,
          1.0,
          1.0
        ],
        "selectable": true,
        "uuid": 678574017,
        "uuidPrefab": 0
      }
    ],
    "components": [],
    "enabled": true,
    "id": 0,
    "name": "Scene",
    "pos": [
      0.0,
      0.0,
      0.0
    ],
    "propOverrides": {},
    "rot": [
      0.0,
      0.0,
      0.0,
      0.0
    ],
    "scale": [
      0.0,
      0.0,
      0.0
    ],
    "selectable": true,
    "uuid": 4252910706,
    "uuidPrefab": 0
  }
}