{
  "conf": {
    "clearColor": [
      0.0,
      0.0,
      0.0,
      1.0
    ],
    "doClearColor": true,
    "doClearDepth": false,
    "fbFormat": 0,
    "fbHeight": 240,
    "fbWidth": 320,
    "filter": 1,
    "frameLimit": 0,
    "layers2D": [
      {
        "blender": 5242944,
        "depthCompare": false,
        "depthWrite": false,
        "fog": false,
        "fogColor": [
          0.0,
          0.0,
          0.0,
          0.0
        ],
        "fogColorMode": 0,
        "fogMax": 0.0,
        "fogMin": 0.0,
        "name": "2D"
      }
    ],
    "layers3D": [
      {
        "blender": 0,
        "depthCompare": true,
        "depthWrite": true,
        "fog": false,
        "fogColor": [
          0.0,
          0.0,
          0.0,
          0.0
        ],
        "fogColorMode": 0,
        "fogMax": 0.0,
        "fogMin": 0.0,
        "name": "3D Opaque"
      }
    ],
    "layersPtx": [
      {
        "blender": 0,
        "depthCompare": true,
        "depthWrite": true,
        "fog": false,
        "fogColor": [
          0.0,
          0.0,
          0.0,
          0.0
        ],
        "fogColorMode": 0,
        "fogMax": 0.0,
        "fogMin": 0.0,
        "name": "PTX Opaque"
      }
    ],
    "name": "Boot-Logos",
    "renderPipeline": 0
  },
  "graph": {
    "children": [
      {
        "children": [],
        "components": [
          {
            "data": {
              "aspect": 0.0,
              "far": 1000.0,
              "fov": 75.0,
              "near": 10.0,
              "vpOffset": [
                0,
                0
              ],
              "vpSize": [
                320,
                240
              ]
            },
            "id": 3,
            "name": "Camera",
            "uuid": 16427684098203612843
          },
          {
            "data": {
              "color": [
                0.0,
                0.0,
                0.0,
                0.4745098054409027
              ],
              "index": 0,
              "type": 0
            },
            "id": 2,
            "name": "Light",
            "uuid": 9788230890520147479
          },
          {
            "data": {
              "args": {
                "texExpPack": "3189343803935046072",
                "texLibdragon": "16407216474420391173",
                "texPyrite": "3838081518723353476"
              },
              "script": 14151449751811836530
            },
            "id": 0,
            "name": "Code",
            "uuid": 16379213148722549909
          },
          {
            "data": {
              "asset": 173709406110029613,
              "autoRun": true,
              "repeatable": false
            },
            "id": 9,
            "name": "Node Graph",
            "uuid": 325639232898908950
          }
        ],
        "enabled": true,
        "id": 1,
        "name": "Cam",
        "pos": [
          107.99051666259766,
          49.33186721801758,
          312.8325500488281
        ],
        "propOverrides": {},
        "rot": [
          0.0,
          0.0,
          0.0,
          1.0
        ],
        "scale": [
          1.0,
          1.0,
          1.0
        ],
        "selectable": true,
        "uuid": 1896567566,
        "uuidPrefab": 0
      }
    ],
    "components": [],
    "enabled": true,
    "id": 0,
    "name": "Scene",
    "pos": [
      0.0,
      0.0,
      0.0
    ],
    "propOverrides": {},
    "rot": [
      0.0,
      0.0,
      0.0,
      0.0
    ],
    "scale": [
      0.0,
      0.0,
      0.0
    ],
    "selectable": true,
    "uuid": 4252910706,
    "uuidPrefab": 0
  }
}