{
  "conf": {
    "clearColor": [
      0.20161288976669312,
      0.20161288976669312,
      0.20161288976669312,
      1.0
    ],
    "doClearColor": true,
    "doClearDepth": true,
    "fbFormat": 0,
    "fbHeight": 240,
    "fbWidth": 320,
    "filter": 1,
    "frameLimit": 0,
    "layers2D": [
      {
        "blender": 0,
        "depthCompare": false,
        "depthWrite": false,
        "fog": false,
        "fogColor": [
          0.0,
          0.0,
          0.0,
          0.0
        ],
        "fogColorMode": 0,
        "fogMax": 0.0,
        "fogMin": 0.0,
        "name": "2D"
      }
    ],
    "layers3D": [
      {
        "blender": 0,
        "depthCompare": true,
        "depthWrite": true,
        "fog": false,
        "fogColor": [
          0.0,
          0.0,
          0.0,
          0.0
        ],
        "fogColorMode": 0,
        "fogMax": 0.0,
        "fogMin": 0.0,
        "name": "3D Opaque"
      },
      {
        "blender": 5242944,
        "depthCompare": true,
        "depthWrite": false,
        "fog": false,
        "fogColor": [
          0.0,
          0.0,
          0.0,
          0.0
        ],
        "fogColorMode": 0,
        "fogMax": 0.0,
        "fogMin": 0.0,
        "name": "3D Transp."
      }
    ],
    "layersPtx": [
      {
        "blender": 0,
        "depthCompare": true,
        "depthWrite": true,
        "fog": false,
        "fogColor": [
          0.0,
          0.0,
          0.0,
          0.0
        ],
        "fogColorMode": 0,
        "fogMax": 0.0,
        "fogMin": 0.0,
        "name": "PTX Opaque"
      }
    ],
    "name": "Scene",
    "renderPipeline": 0
  },
  "graph": {
    "children": [
      {
        "children": [],
        "components": [
          {
            "data": {
              "aspect": 0.0,
              "far": 5000.0,
              "fov": 65.0,
              "near": 100.0,
              "vpOffset": [
                0,
                0
              ],
              "vpSize": [
                320,
                240
              ]
            },
            "id": 3,
            "name": "Camera",
            "uuid": 591397515709753079
          }
        ],
        "enabled": true,
        "id": 1,
        "name": "Camera",
        "pos": [
          -280.9054260253906,
          315.00048828125,
          130.91650390625
        ],
        "propOverrides": {},
        "rot": [
          -0.2863268256187439,
          -0.49780282378196716,
          -0.17839361727237701,
          0.79899001121521
        ],
        "scale": [
          0.9999967217445374,
          0.9999942779541016,
          0.9999811053276062
        ],
        "selectable": true,
        "uuid": 2593312191,
        "uuidPrefab": 0
      },
      {
        "children": [],
        "components": [
          {
            "data": {
              "color": [
                0.40322577953338623,
                0.40322577953338623,
                0.40322577953338623,
                1.0
              ],
              "index": 0,
              "type": 0
            },
            "id": 2,
            "name": "Light",
            "uuid": 17810945128247966012
          }
        ],
        "enabled": true,
        "id": 3,
        "name": "Ambient Light",
        "pos": [
          -2.7578048706054688,
          377.9345703125,
          253.75326538085938
        ],
        "propOverrides": {},
        "rot": [
          0.0,
          0.0,
          0.0,
          1.0
        ],
        "scale": [
          1.0,
          1.0,
          1.0
        ],
        "selectable": true,
        "uuid": 2808468358,
        "uuidPrefab": 0
      },
      {
        "children": [],
        "components": [
          {
            "data": {
              "color": [
                1.0,
                0.6279916763305664,
                0.16129034757614136,
                0.9529411792755127
              ],
              "index": 0,
              "type": 1
            },
            "id": 2,
            "name": "Light",
            "uuid": 7911520859892149400
          }
        ],
        "enabled": true,
        "id": 5,
        "name": "Dir. Light",
        "pos": [
          -57.58601760864258,
          370.2309265136719,
          303.4007263183594
        ],
        "propOverrides": {},
        "rot": [
          0.846150279045105,
          -0.15681137144565582,
          0.15778203308582306,
          0.4842981994152069
        ],
        "scale": [
          0.9999930262565613,
          1.0000044107437134,
          1.0000035762786865
        ],
        "selectable": true,
        "uuid": 1258577913,
        "uuidPrefab": 0
      },
      {
        "children": [],
        "components": [
          {
            "data": {
              "culling": false,
              "layerIdx": 0,
              "material": {
                "depth": 0,
                "env": [
                  0.0,
                  0.0,
                  0.0,
                  0.0
                ],
                "fresnel": 0,
                "fresnelColor": [
                  0.0,
                  0.0,
                  0.0,
                  0.0
                ],
                "lighting": false,
                "prim": [
                  0.9435483813285828,
                  0.7903199195861816,
                  0.07989722490310669,
                  0.9921568632125854
                ],
                "setDepth": false,
                "setEnv": false,
                "setFresnel": false,
                "setLighting": false,
                "setPrim": true
              },
              "meshFilter": "",
              "model": 17660758381478844321
            },
            "id": 1,
            "name": "Model (Static)",
            "uuid": 1194680501142561258
          }
        ],
        "enabled": true,
        "id": 2,
        "name": "Box",
        "pos": [
          0.0,
          0.0,
          0.0
        ],
        "propOverrides": {},
        "rot": [
          0.0,
          0.0,
          0.0,
          1.0
        ],
        "scale": [
          1.0,
          1.0,
          1.0
        ],
        "selectable": true,
        "uuid": 1407552857,
        "uuidPrefab": 0
      }
    ],
    "components": [],
    "enabled": true,
    "id": 0,
    "name": "Scene",
    "pos": [
      0.0,
      0.0,
      0.0
    ],
    "propOverrides": {},
    "rot": [
      0.0,
      0.0,
      0.0,
      0.0
    ],
    "scale": [
      0.0,
      0.0,
      0.0
    ],
    "selectable": true,
    "uuid": 4252910706,
    "uuidPrefab": 0
  }
}